value,label
-0.16348170311106805,0
0.07338743319422585,0
0.45076574340271514,0
0.5293094191924378,0
-0.6176621602661323,0
-0.3057817540109209,0
-0.31022564341399705,1
0.34584055538192315,0
0.1149080739490316,0
0.6489137108902563,0
-0.7103252822140853,1
-0.786302893109757,0
1.039803954817436,0
-0.8926824095707668,0
0.6193121528046526,0
0.845503055698513,0
0.43198704304383134,0
-0.9605666278439475,0
-0.5680433675213016,0
1.0759486880679296,0
-2.4931040899312626,0
-0.22436172071216656,0
-0.8584253428082307,0
-0.04975782019623006,0
-0.7380792244062225,0
-0.03277990723428325,0
-0.44306985274883687,0
-1.5099660759281948,0
-0.9001261977494329,0
0.8974454153502069,0
1.2211683036411123,0
-0.4407412201710467,0
0.5478967894008683,0
-0.18813999166682596,0
0.08196018052292238,0
2.4561981139175972,0
-0.6917304723665201,0
0.5195649419967664,0
-0.7246201653097629,0
1.8423311992775244,0
0.11002372676137082,0
-0.5401991565668947,0
-0.9723376058594267,0
-0.42564569245126627,0
1.325482884601926,0
-0.37334049305544204,0
-0.2359153581195506,0
-2.1436607685872433,0
-0.2739853984847932,0
-0.24445068398392053,0
-1.3147677759608611,0
-0.29492141280563977,0
0.4890635043140823,0
0.5077309576797802,0
-1.1034257332468458,0
0.7525184007215947,0
1.4047077416573082,0
0.4274469729419041,0
0.3886616109437715,0
-1.8824665242056817,0
0.1919151775470109,0
0.6264909361067766,0
0.8307096013646728,0
-0.09921697762246837,0
-0.3890362669315312,0
-0.4679893085329899,0
0.9041612818951121,0
-0.30842352781872906,0
-0.7825341114829847,0
-0.6395353234471435,0
-0.9531795142703743,0
-1.1769671337722338,0
1.4909483335897453,0
-0.5277444275443297,0
0.5512505640506723,0
0.2682790814240528,0
-0.622870005599063,0
-0.21763233136696236,0
-2.0615357216419277,0
-0.9042426370162515,0
1.657306409052954,2
-0.8662925815148125,0
-0.3897425864219901,0
-1.1172021741671727,0
-0.45270602666243537,0
-1.1104438920863535,0
0.7590071118266676,0
-0.06791493951656356,0
0.6758020075447062,0
-0.22254858274189032,0
-1.5640010242484363,0
0.20419199898077794,0
-0.7290338469013015,0
0.8082835086586746,0
-0.5270917237928955,0
-0.6288254762789008,0
-1.7568364418670674,0
1.4501125101985959,0
-0.21696452974705335,2
1.0958629856424418,0
-0.3361083114031978,0
-0.5737219938458366,0
-1.8252405554585107,0
-2.4641600660615324,0
-0.256875892094478,0
0.5222396897226316,0
-0.1589529679756998,0
0.14682993332983746,0
0.21102317255242597,0
-1.2735959974868303,0
1.527562625815029,0
0.21193117409706205,0
-0.37642177180116115,0
-0.1007543366066718,0
-0.602757036152355,0
-1.0419066567596629,0
-1.1931995798070876,0
0.1232086722717537,0
-0.38130820966580625,0
-0.7592663145407522,0
0.039485213488980264,0
1.1247406346443298,0
-0.9198417372070906,0
-0.865732090348777,0
0.807810621185662,0
0.9559487425754765,0
-3.5712066149820267,0
0.8489990243136617,0
-0.29244788150949025,0
0.1695253990702679,0
0.505303464981213,0
-1.3179735302324553,0
-0.08685332732866044,0
-0.24624204268017846,0
0.5437383902068113,0
0.995222253050105,0
0.9651297736291101,0
-0.6483933798571302,0
1.20978865593901,0
-0.3760756075692767,0
-0.4642669121687164,0
-0.0669033882452517,0
0.8224927856391699,0
-0.5321596078659714,0
-0.7191080315936951,0
1.6888308955709217,0
-1.2173053202153077,0
-2.339846711457658,0
0.9088179864536594,0
-0.073679716110008,0
2.1431940239992926,0
-0.40180925972235365,0
-2.695319250594611,0
2.046086046911108,0
0.30931564981067533,0
-0.16672939978576082,0
0.002014574970342776,0
-0.26437076122972614,0
0.5221512490026673,0
-0.05323352566134603,0
0.3563070623455954,0
0.6697930892909658,0
-0.24828307818706877,0
-0.31018412752625424,0
-0.7224746397620059,0
1.057971084111471,0
-0.49003811622651805,0
1.055998679114278,0
0.2877421088275313,0
-0.33238940848890874,0
-0.734401486475244,0
-0.9554016082867922,0
0.34618629570186743,0
-1.7687097477952873,0
-0.5355933552540003,0
-1.573870966676885,0
-0.08873449928938985,0
1.2984257669592005,0
-0.6390848241711231,0
0.16071834550250064,0
-0.8869566933564831,0
-1.65618297756789,0
-1.0585883755247445,0
-0.1292242530256221,0
-0.5663071627711731,0
0.4581732359021139,0
0.21991695774861877,0
0.5497149439648557,0
0.4309890521960687,0
0.18554005875777213,0
0.8837698746630062,0
0.7030071323185575,0
-1.485965889162596,0
0.6441947888440307,0
-1.6978676112013393,0
0.45842010263298544,0
0.16477922611923942,0
0.9766743577122929,0
-1.4028102593059626,0
0.003523364461857953,0
-0.13343065588973801,0
-2.121898436594464,0
-0.4189189313494263,0
-0.9393947151769132,0
-0.0013634925279839966,0
-1.4136019560187068,0
-2.30818220795585,0
0.18308972872806528,0
1.022025800425731,0
0.8027919871626971,0
1.9469425891684162,0
-1.3298475605591062,0
-0.09399259451803466,0
-0.07620049630420005,0
-0.9922126036103301,0
-0.20096530680870006,0
-0.2731355055172708,0
0.6587398983301661,0
-1.6055277916228072,0
-1.5162089077300362,0
-0.8958110730545469,0
0.9620582745506685,0
-0.8629443560679679,0
-0.28442379786450306,0
0.8217145331526928,0
-0.4048429487237459,0
-1.5073239568292978,0
-1.0047872275568626,0
-1.1349385954513629,0
0.9627296905315584,0
0.6890103888825653,0
0.9107135879520473,0
-0.6231560741306886,0
-0.6714154531439759,0
-0.036514069211313185,0
0.7495375697709021,0
2.2116537945927304,0
-0.28246521959391163,0
0.9492166587190296,0
-0.8509513262825817,0
0.6538084883918528,0
0.23461590905068944,0
-0.09708110532608268,0
0.9782816485820129,0
0.22305945939259603,0
0.058983191487885236,0
-0.854899654100076,0
2.366131597755127,0
-1.764069157900351,0
-1.180730450703451,0
-1.836836381060189,0
0.6661309886710755,0
-0.06796498235389882,0
-0.33855321798793886,0
0.9377484839028191,0
1.336846228777294,0
1.64632694693866,0
-1.4806603668118354,0
-0.664853351782586,0
-0.27094355600984704,0
-0.7608663639293198,0
-0.96494341695853,0
-1.2240565922402757,0
-1.4522654607877328,0
1.8965161414780993,0
-0.16697444802741182,0
-1.8096942422673625,0
-0.03435364130548585,1
-1.0590610707606385,0
-0.9368761336732446,2
0.4559558635125401,0
-2.34402226334754,0
1.4157797758637762,0
-1.1323501050528955,0
2.003288504174693,0
-0.9927704306660783,0
-0.3815154301048232,0
0.654989333856465,0
-0.0694260947120092,0
1.2253354230859053,0
0.998548384319868,0
0.39110747765593107,0
-0.10109927245950714,0
0.741762913158251,0
0.2495243413870583,0
-0.5059826727913078,0
-0.37676418681464896,0
0.6375701700369595,0
-1.066907657797542,0
0.4935373872213775,0
1.1054040102296991,0
-1.5854766049760083,1
0.6749114020659421,0
0.44521368287888946,0
1.8565775043960742,0
-0.2606623027298994,0
-1.2069430116569926,0
0.3696746017025201,0
0.5806269262855142,0
-0.6530153736974917,0
1.4782585882113621,0
-0.4669907540832209,0
0.49416711828746906,0
-0.677515180915817,0
0.15784045183761633,0
-0.37366911563989974,0
-0.9221924630256987,0
-1.9446421596221881,0
-0.2653336282589512,0
-1.1654047220415886,0
0.17872198762778269,0
0.811381812983797,0
0.16352969138068113,0
0.2205762606920908,0
1.6409484564552592,0
-1.5887818865902348,0
0.06644346276731788,0
0.533268132278577,0
-0.03320281085838728,0
-0.2080297497313689,0
2.0533559490786177,0
2.844173187707688,0
-1.345284398796828,1
-1.1917160432622926,0
-0.06418177529708016,0
-0.6267432263436287,0
-0.5077761045044752,0
-0.17225972110828802,0
-1.9853279959386432,0
-0.3599005368352318,0
1.3301566649683432,0
-1.1433607808124522,0
1.2703014435041113,0
0.27883056687869895,0
-0.044481165764714954,0
1.403172295204295,0
0.3319673623251165,0
0.6922552960473087,0
-0.7614165435687179,0
0.46348499948375466,0
0.6374703583595861,0
0.08343069713434623,0
-0.369779389478937,0
-0.9371484657768379,0
-0.045974943203289556,0
1.7509082640105342,0
0.5060211226872892,0
-1.5760253306433754,0
-0.6666915562633886,0
-1.8510946294366177,0
-0.7655643197844545,0
-0.020804260586277424,0
-1.0388099156939816,0
1.0970395761619463,0
-0.39161502972738393,0
0.1910577689214271,0
-1.1100976653705577,0
1.257506094726534,0
1.8194574378991886,0
-0.9393179641347975,0
-1.0966118652631922,0
0.15507624144683904,0
-0.49794493347265856,0
0.5361246165363313,0
0.26224063362678807,0
-0.666596741500188,0
0.18594025095772326,0
-0.4638618593858718,0
-0.13537019339075965,0
0.20203971472706508,0
-0.8873689379997936,0
1.1048677522357435,0
0.19473440323299498,0
1.6626033842003194,0
-1.152048799790452,2
0.002349038329896303,2
0.15283784700058223,0
-1.0333034629568432,0
0.36085292752454695,0
-0.250831089758852,0
0.7626862686565422,0
-0.49838228726426775,0
-1.5863188877360195,0
1.2860354094604274,0
-0.24395372716892857,0
-1.202053397967865,0
0.41600516661944303,0
-0.5870828438062894,0
-0.9869146844702893,2
1.1027736856508044,0
1.0310865269949885,0
0.8263172000481473,0
-0.06729148990344441,0
-0.1826587826752146,0
0.3899963855336817,0
-0.8571264370115227,0
-2.665577536615889,0
0.39671692007022524,0
1.4956248468312672,0
-0.4771519699770018,0
1.2392716005861883,0
2.541831743705295,0
-0.8064783654505914,2
-1.2212194600380561,0
0.8181287227910364,0
1.979526010358954,0
-1.0902488803691863,0
-0.3655559845004565,0
-0.7978427744157518,0
-1.520309686297204,1
0.015716982981322243,0
-0.009787368190894348,0
0.5912545221304096,0
-0.9803754434665679,0
1.253858148343329,0
0.23726064457711832,0
-0.18043945482729157,0
0.670098606376762,0
0.35703874227517635,0
-0.7720890115729826,0
0.8295915096984726,0
0.9354946090993089,0
-0.2707399362092782,0
0.34825208640124755,0
0.1576411059254445,0
-0.08142620802091019,0
-0.3161256715574704,0
0.17704434006816416,0
-0.304497579199568,0
-0.6283908429880617,0
-0.26773458704891057,0
0.8015151901253917,0
-0.5373976611118019,0
2.3709975431975243,0
0.8963303800696015,0
0.44725038322363386,0
0.8436827174392614,0
-0.17727880291868406,0
1.0158611395537434,0
-0.2611015718408598,0
-0.16389898106178089,0
0.8294397169110228,0
-0.7064596609516677,0
0.5111154527863476,0
1.7799783111398508,0
0.2937275237759687,0
1.5519000773884397,0
0.3149477766350583,0
0.6287257249995509,0
-0.2249613862227361,0
-1.4694703734970316,0
1.162692441720602,0
0.3606671276578173,0
-1.151420367394258,0
0.3746997348280657,0
-0.6901759110489817,0
0.5309511629825301,0
0.8872539756597685,0
1.3479527770773674,0
-0.4471167993966482,0
1.341787623157218,0
-0.0931130559925844,0
0.7830724262640265,0
-0.4538045314385738,0
0.9125509883567745,0
2.1320562888747707,0
0.38325320735818064,0
-1.231683423182795,0
0.33033032273445473,0
0.08820638932336144,0
-1.1743527438342543,0
1.2824071556756493,0
-2.2360949625555864,0
0.9363484561020166,0
2.4059333576739883,0
0.34117408309523345,0
-1.573755391272673,0
-0.34845166757715756,0
-1.2625095269612965,0
-2.8743694378553677,0
-0.9392762896464284,0
-0.7170722702026406,0
1.1022364544476877,0
-0.19111261143739852,0
1.1847399828519714,0
0.8300429627401086,0
0.9004240002250402,0
-1.2740391502556994,0
1.6779391575972409,0
1.4992911750393199,0
-0.6257781091488237,0
1.6027018075324637,0
0.8406010331747095,0
0.31001483198225344,0
1.0156039893997328,0
0.005993255016505588,0
-1.0487518184213358,0
-0.03862930376834657,0
0.5217743224295994,0
0.4445833127655687,0
0.07993528448189594,0
-0.544924296665759,0
0.5147741139220192,0
0.596623352775933,0
0.8993656166801087,0
-0.03566012163519333,0
2.061143741093209,0
-0.6657457372596528,0
0.41762317935548776,0
-1.0928199859993266,0
1.2470862243613725,0
0.6096959465268752,0
-0.024216063856539717,0
-0.8425525283264808,0
0.08194052788289535,0
0.8248724159454442,0
-1.0146861831691965,0
-0.6127296803868921,0
-1.5361802060548277,0
-2.059523591445127,0
0.1129978105327746,0
1.768865792963376,0
0.3422813315989791,0
0.8596661201717231,0
0.7048902713033379,0
1.022825993899053,0
0.769772828088013,0
-0.9660421437821529,0
1.596447449569102,0
0.6604950832577801,0
0.1707098073054787,0
0.07789427347634187,0
-1.5177303030116307,0
0.06585704683568885,0
1.5942833896691357,0
0.5281011068616227,0
-1.4419870038482179,0
-1.530025412463086,0
0.25502869354991453,0
-0.642084952122939,0
0.7094693875720929,0
-0.2299241739410979,0
-1.357815302175225,0
-0.19116640722376269,0
0.16387383810618206,0
0.24439867668616358,0
-1.8602057928885387,0
0.5633823902830933,0
-0.6760583624557749,0
1.5435618067993575,0
-0.47240859680338737,0
0.10366266066954756,0
-1.208968477511709,0
0.10864604489571328,0
-0.34879631252507215,0
-0.45403511899050103,0
-0.1995381103436211,0
0.5594674082466785,0
-3.8277249585353554,0
-0.78837866168107,0
-1.4011014420321262,0
0.19043644847006025,0
0.8604679660070549,0
-0.791567468411846,0
0.0757420175458671,0
-1.5654328189675686,0
0.1817891496206525,0
-0.5552692784300631,0
-1.3075109810815415,0
1.5982848956199776,0
0.25193038634583365,0
-0.0016739705484859898,0
0.10295590126471876,0
0.6704498648420667,0
0.04490310257933856,0
1.69258323562037,0
-0.06534623512128064,0
0.01948396580534886,0
1.4998050546251265,0
0.6637879363543119,0
0.6695215126015113,0
-2.188255073695918,0
0.0894844277200852,0
0.9649995506898632,0
0.36948447161030673,0
1.092507988808365,0
-1.305754928862492,0
-0.18730226304525782,0
-0.686058146827799,0
1.4477307492152367,0
0.3657933255708248,0
-0.2511756120923739,0
-1.5510106110359714,0
1.0929152144208065,0
0.4358740897748795,0
0.49580683799867364,0
0.6112151040142881,0
-1.0901113176278912,0
0.41945671401070006,0
0.23373006548476058,0
-0.18957094652107778,0
-0.6819442706933421,0
1.7097849570156511,0
-1.4218470814366577,0
1.1502948291107133,0
-0.8227757881996864,0
0.07084305657409862,1
0.6699284183145864,0
-0.22958736529589494,0
0.5702348254035892,0
0.6147860284721695,0
-0.9095937966807419,0
-0.41248989908467826,2
0.5368260930879736,0
-0.18608721693877522,0
1.171789541382789,0
1.9612527929454358,0
-2.015779462802238,0
0.14906837566811285,0
-0.05114549265631254,0
-0.04025583803391053,0
-2.2617044254380465,0
-0.29629306739971856,0
-0.542444520940354,0
1.6016148623063948,0
0.7801479676008204,0
-0.2650322448711218,0
0.6229704447365724,2
-0.552577273178062,0
0.39162343224140417,0
-0.44927135905336374,0
-0.7859382467185206,0
-0.4692677062109498,0
-0.4164176313558377,0
0.7293816640948481,0
1.0140168110373284,0
-0.09779328580759067,0
1.446242006479078,0
1.381489961903793,0
-0.802773693001093,0
1.052297943533194,0
0.006312415154395346,0
1.9389117434918985,0
-1.1200131447281294,0
-0.12232058266597776,0
0.3162587509461183,0
-1.2331781908861528,0
-0.5286980788513925,0
0.61673719926269,0
-0.6672234188439374,0
0.44734578837663336,0
-1.307121208828818,0
-0.41438295444058654,1
0.2256674721619344,0
0.012984136999610197,0
0.652939759557245,0
0.8124045212730019,0
-1.8868212857725264,0
-0.48327922215159086,0
0.4577153092995639,0
1.0196947600313115,0
1.547838310985966,0
-0.759614538494692,0
-0.3242545404659744,1
1.6587887575639984,0
-0.7238431976749087,0
-0.42700313548495483,0
-1.0297713250557814,0
0.04205358849247474,0
-0.9392233353356285,0
-1.596436021402049,0
0.40211770062926255,0
-1.2797819719707193,0
1.1654468607279251,0
0.5527258163155959,0
1.3682101157884379,0
-0.6863608391227359,0
1.1397997878904262,0
0.7757266288585631,0
0.6531387218940015,0
-0.26440666748587827,0
-0.6724972707276102,0
0.5851215505521905,0
-0.4305790365598503,0
1.0724884246754902,0
0.13088049957074752,0
0.26774453091388545,0
1.0923831288344323,0
-1.0844205582392483,0
0.12945032147634813,0
0.4315592618530769,0
0.09861024764620893,0
-1.383111976846188,0
-0.21782822090108414,0
-0.6203992882525227,0
-0.22473930570720105,0
1.408986761116996,0
-0.8179650529349013,0
-0.6245663346255899,0
-0.7214564801907964,0
0.699432471383262,0
-0.1949399822343275,0
-0.9332356599352305,0
0.5296654471382161,0
-0.2556128230174821,0
-0.9318604617366341,0
-0.24920116841468387,0
0.7359953936540402,0
0.3269718731131581,0
0.18822045947285107,0
-0.005641104364499651,0
1.3968890145713933,0
-0.5578979020402831,0
-0.749454384739778,0
0.3669479875541654,0
0.8263655329484672,0
1.7037189942752564,0
-1.0889181755908903,0
0.35145869333647456,0
-0.6312143942399343,0
-0.398127029455099,0
0.11044407527926564,0
0.48328981264535203,0
1.448088487572716,2
-0.34800838594978295,0
-0.49499790953569706,0
0.02674007007125105,0
-0.6138052706660079,0
-0.7593722048343514,0
0.0035228925166280213,0
0.25821661141241736,0
2.2962449811902292,0
-0.005990319343154605,0
0.3668463036652195,0
-1.3129047421566036,0
-0.5430804070091056,0
-1.6773301554923215,0
-1.3839539514077592,0
-0.9156834049537406,0
-0.1328825910196838,0
-1.1239489162579268,0
-0.9991213968135374,0
0.12451865829531056,0
0.6996851175990282,0
0.002579084329940176,1
0.45227073031051146,0
1.0148954902998726,0
-1.100875623025585,0
0.801234444003176,0
0.9007241205194223,0
-0.21676858291895545,0
0.10528410632320699,0
-0.12894474581394202,0
-1.0566725057786894,0
0.04162268397021819,0
-1.3180340648275763,0
-1.3962253123674164,0
0.2676019271665417,0
-0.5102059036819572,0
0.023956491091985305,0
0.009071580808317591,0
0.6746266882176617,0
2.0682032517127498,0
1.883204629297525,0
1.9568196831930245,0
-0.48711106192402637,0
-1.159389031075435,0
-0.23459090531273918,0
0.14820878778453409,0
0.05150223753691506,0
0.8026164103376772,0
1.541294243279279,0
0.34593022035520615,0
0.6232500136355843,0
1.0108186166202178,0
-1.2593491863656223,0
0.17667946726161274,0
0.6226110657144946,0
-0.17003548225492912,0
-0.0705353291423774,0
-1.0532185245111332,0
0.46029622833788386,0
-0.3148069091992069,0
0.36619003301917313,0
-1.3689617563372274,0
-0.6962139229101866,0
1.167227078249297,0
0.20179795759732502,0
-1.1595988263468018,0
0.7835995386963087,0
0.5153729001283298,0
1.8885644337024785,0
0.14071337839638076,0
2.127214898724609,0
0.22869678766647333,0
-0.4917314247352506,0
1.3932386059856137,0
-0.2994400396417102,0
-2.0434362608827046,0
0.09249532376591477,0
-0.07360231532123523,0
0.7056123162633252,2
1.710829552570453,0
0.31115655267350456,0
0.6213848367231862,0
-0.8514116749854125,0
0.052900737685067784,0
0.8536970179628922,0
0.4889745660258866,0
-0.7834391438037333,0
-2.2688444574295588,0
-0.7814312102160484,0
-0.19982191110944503,0
-0.7052519155654227,0
-1.5219106130320146,0
1.532870118613814,0
0.7011610943576779,0
-0.19087469433581764,0
-0.09193759454436758,0
-0.5600020171065551,0
-0.12254320930607163,0
-0.9439170773964067,0
-1.8367308530692397,0
-1.408122708169181,0
1.0880262755834909,0
-0.21764050606619198,0
-1.5987465256487532,0
0.0894654317250296,0
0.42489810447523163,2
0.628178954956305,0
-0.4517734679264495,0
-0.2076161277285674,0
-0.6239015679956514,0
-0.38258606953254987,0
-1.8162123852434777,0
1.694428698884438,0
-0.002114100017103282,0
0.045964369131315096,0
1.9798704131198333,0
0.48577423349617194,0
2.313112208277343,0
-0.9765318511605459,0
-0.5641951051261813,0
-0.21170949301148292,0
-1.320896213618385,0
-0.5827738360496114,0
0.3245830852442099,0
1.0026573003130104,0
-0.6210625293942535,0
0.6187676299540232,0
0.6011975959235889,0
-1.0518138698282522,0
-0.3345244458901226,0
-1.147325421580049,0
1.29916234445329,0
-1.2979792055784747,0
0.5784397274161898,0
1.966085269738333,0
-1.4750440173992485,0
1.5341759627808143,0
-0.6805423931432948,0
0.22605199062863082,0
-2.382001182784322,0
1.990729441463241,0
0.12401078280745474,0
-0.05615803561564642,0
-0.42477617018884495,0
-0.3810281441806791,0
2.063983520191092,0
-0.3825810224060907,0
-0.5796747115623301,0
-0.595338976770224,0
0.11899824789153565,0
0.3575315353340729,0
1.4562636287191126,0
0.0019133178158949914,0
0.46274855092719375,0
0.5610397353464887,0
-0.6323875156726285,0
0.12440052916500835,0
-0.36906315061931744,0
0.1787655149987568,0
-1.1481744376589946,0
-1.6823436179879383,0
0.6638310235462402,0
0.4455221665436043,0
1.071959793562173,0
1.2542382430921395,0
-0.8695134412502745,0
-0.55924617621508,0
0.6111507817769753,0
0.14748204038108076,0
-2.0294151546492794,0
0.24594521388629456,0
0.7456115392693387,0
0.8777795129546518,0
-0.20031280956822659,0
-1.118167529410166,0
1.6413504058677124,0
-0.6396931231378301,0
0.7151570796580599,0
0.04826850164610236,0
0.7145281412308818,0
-0.8838945329249586,0
0.21342620701909645,2
-0.6227220535494012,0
1.3967758975122837,0
0.31157817357088874,0
1.0381513251777408,0
2.557615807026839,0
-0.9699231024116745,0
-1.8589463767282233,0
-1.6442120088259882,0
0.258155344951036,0
-0.23689869182613463,0
2.0007289161160466,0
1.1338749235087648,0
1.8740981158203585,0
0.21575167728552577,0
0.17147023732737576,0
1.0172028108446884,0
1.301534271870596,0
1.601730277146682,0
0.6984483180651395,0
-0.17702167857138548,0
1.1164774952001033,0
-0.7387047084401317,0
0.5155591008521573,0
0.5793901998206941,0
-1.327115998821136,0
1.345895924027149,0
-1.3083690761941509,0
-0.3996544671689353,0
1.0110576749371956,0
0.4720354530416053,0
-1.0174034551656672,0
1.3350561918881834,0
0.5396975414621831,0
-0.3928216804299226,0
0.6437245707872944,0
0.5598887592187187,0
-0.2509061245471606,0
0.33001227832326296,0
0.39457048262451655,0
2.184720040089978,0
-0.7140415821125243,0
0.7787757223008329,0
0.955027240692796,0
0.15540961883254947,0
-1.6675758104255258,0
0.9438296320597392,0
0.6185537944342339,0
-1.9134519971104405,0
0.6132165989396648,0
0.8723015184661976,0
0.47927128123293444,0
0.15458404669522055,0
0.5046803168412789,0
0.9312783098790622,0
-0.8373234704260997,0
1.413390625183234,0
-1.743118636124241,0
0.27708887520647885,0
0.30199236531899565,0
-1.0319010148067471,0
1.3801855019805123,0
-0.21053943478881676,0
0.4263052855952514,0
0.34833421708846535,0
0.11873030124634136,0
0.3141234584119685,0
0.3381703159770927,0
-1.5425633193640194,0
0.6161420366847493,0
-0.24952240551315358,0
0.4561694540235114,0
-0.633751027328614,0
-1.1149417534103085,0
-1.5624552341412103,0
1.5038723550008,0
-2.025392393437187,0
0.5127321453968564,0
-1.124331813640014,0
1.5420831410811318,0
1.307201051362881,2
-0.2398814072036143,0
-1.382646729873216,0
1.2674190001237136,0
0.0004731125158162759,0
-0.8523246845417501,0
-1.6088783896815368,0
-1.3103213415233803,0
0.6161446156022167,0
-0.6337517480044828,0
-0.4014721834711066,0
-0.8548472030585565,0
0.29681286028453335,0
-0.7186342620987097,0
0.19461996175944526,0
-1.52973050844701,0
-1.0664925410179416,0
-0.4292080872978667,0
-1.5959869360679608,0
0.007654183695603786,0
-0.9071420431807504,0
-0.11923798706274401,0
0.20857588409908942,0
-0.058874564411700234,0
-1.2588316983481467,0
-1.520489544613802,0
-2.0547958907781076,0
0.6053677471761555,0
1.0091719265407773,0
-0.3774400236010355,0
-1.4007951972588633,0
-0.48412047626336335,0
-0.5355684634268114,0
0.38804570482899775,0
0.2953221984008932,0
-0.1485012653516039,0
0.08062460576836385,0
0.11751534192956169,0
-0.867304028023586,0
0.30698650584251813,0
0.2889696886973108,0
0.13555083450474148,0
-0.1832503291024602,0
0.48219190963383635,0
0.2148621095555167,0
-1.0879737396449325,0
-0.5375786474085718,0
-0.048637763055225706,0
0.41342814145495577,0
-1.6788725009606162,0
-2.431556021245364,2
0.6423741455289282,0
0.9524341515329292,0
0.4483614086466434,0
0.04923501527013518,0
-0.20006547219198872,0
-0.1312750890628062,0
0.9510568802765278,0
-1.8513827983136675,1
0.7506277169820895,0
1.456117469631245,0
-1.5433125598838873,0
1.638381393818955,0
-1.3450225258573474,0
-0.14444766857944746,0
-1.2912426217531285,0
1.5220954435965584,0
-1.5868601899564683,0
-2.095951078357524,0
-0.695180549918724,0
-1.6401579749508182,0
-0.11952077173817227,0
0.2829843785976037,0
0.1319116135261978,0
-0.48737965030573893,0
1.0998134652389315,0
-0.5175270173301338,0
1.2055359204711897,0
0.7259197058775053,0
-0.5160627595538083,0
0.4664261377758917,0
1.1890629370373307,0
0.2494529516925348,0
0.2136695418535905,0
-1.0733986898114785,0
-1.1464546880076079,0
-0.16533435227396434,0
-2.217739590285473,0
2.29714248569967,0
0.31551535217270416,0
0.45383452490877635,0
-0.6475075912686442,0
1.0308729344631153,0
0.014344116363729497,0
-1.201483220295524,0
0.4036564618236876,0
1.2834036538796951,0
-0.47769082570813587,0
0.567380205787616,0
1.3531972477663465,0
-1.5375521562917827,0
0.9551479912230015,0
-0.10270191741696852,0
-0.2714236435261229,0
0.3482387370593215,0
-0.22058616603314035,0
-0.5085363245998548,0
-0.2732751060798049,0
0.2972812889867919,0
-0.5990166160208904,0
-1.3461257628486192,0
0.9941383413835813,0
0.10920929445485457,0
-0.40906112627765556,0
-2.1954210996002668,0
0.6456993882570164,0
-2.086959163534826,0
0.06756899583466046,0
0.52900706499185,0
-0.3825477417946828,0
1.034592238347485,0
1.3491187423127198,0
-0.6185947352715052,0
1.1367151511489768,0
0.6473355998077137,0
-1.9268143646983815,0
-0.7345253122772678,0
0.34400978246550923,0
-1.9296841861082235,0
-0.6091465263774843,0
-0.5597254304094939,0
0.7668829083286838,0
1.910272950095047,0
-1.200594007955383,0
0.8605375044071727,0
-0.4804934455336865,0
0.08288786787279705,0
-1.4104871652677118,0
-0.48238130193445394,0
-1.0399281448317679,0
-2.571676971531744,0
0.7806072632719413,0
0.45398220208538986,0
0.48691147931600753,0
0.5743000873876762,0
-0.7214666631236839,0
-0.12197722023663454,0
-0.3959053145378276,0
-0.8677164313421198,0
1.3353848148190377,0
0.23064856117607016,0
1.157163080090419,0
0.21776411111532143,0
0.41033936930348586,0
1.126039367030533,0
-0.4451321632412643,0
0.8350810585791464,0
0.048738667737079626,0
0.019222439975531563,0
0.7226686714368906,0
-2.6882049129640477,0
-0.08306350739869864,0
-0.619873025897562,0
1.1369357071954214,0
-1.824156997630551,0
0.37371527568111795,0
-0.21569584559608793,0
1.4635926071113943,0
1.347235562792119,0
1.388785911375359,0
0.2531719398051975,0
-0.04765150348184509,0
0.5589155899508105,0
-1.4349667157386226,0
0.12349665594904138,0
-0.6456387450701551,0
-1.500185357940711,0
0.12702596798465504,0
-0.19647618566055675,0
0.11256039956931552,0
1.318175000553177,0
-1.9892132883349867,0
1.3990556794809745,0
0.8660484842893293,0
2.0394807099679775,0
0.19544028000008593,0
-0.7770324747200058,0
0.06938282875089162,0
0.6512900895445037,0
-0.4244265949260648,0
0.8555590156955001,0
-0.6214136170713346,0
0.03415187869711281,0
-0.7623102325025988,0
-1.4552547466906987,0
-0.6760951091182241,0
0.710831716632233,0
-0.7420205869691087,0
0.22748981221397288,0
-0.584474744168346,0
-0.7165229284881256,0
-0.7463652604355311,0
0.9525612665123354,0
0.20607812776585066,0
1.0557564450703594,0
0.14562687170219754,0
0.587429290887604,0
-1.7829419499031214,0
1.4199815569085459,0
0.561898033661717,0
-0.7049655839856641,0
-0.4634741922134604,0
0.6385971467609173,0
1.8679759305656778,0
-0.015919295836742235,0
1.0407620900376706,0
-1.291458995682456,0
1.3941828933895326,0
0.3044721631453167,0
-1.0484163373834032,0
0.9430104132238488,2
-0.16895374004423225,0
0.9687972011696753,0
-0.8575426726274458,0
-0.7472229978189441,0
-1.1823401178517907,0
1.1355065973132232,0
0.6760700156061067,0
1.3827715547263324,0
1.8504950663384356,0
0.5560886242711508,0
-1.2321695405200424,0
-0.8777424236828368,0
-0.17460675243234805,0
0.003218463075879565,0
-0.7635285240888381,0
1.403076929815556,0
1.0184463641155745,0
0.14314027199577303,0
-0.10180697933033549,0
-0.35181866566403647,0
-1.0423325691524234,0
-0.37077201449158126,0
0.5946048200942528,0
-0.379632080889285,0
0.2257100211250907,0
-0.30478752681371946,0
-1.2963913832201088,0
-0.17954350165338134,0
1.2783307465620377,0
0.8590713848178313,0
-1.0842964534053192,0
1.543029513100083,0
-0.12026291894616467,0
-1.664328948822058,0
0.3083819197680689,0
0.9519344760495014,0
0.9620675741837413,0
-1.4971907766953023,0
0.6100911898624548,0
-1.941365616670683,0
-0.21069811362593774,0
1.1103413475705963,0
-1.2717181326337201,0
-0.2422272823570115,0
1.4547191211446249,0
-0.19593258164909966,0
-1.231772371998333,0
0.08272360342750025,0
1.0358855911264397,0
0.15527156877466236,0
-0.8831374530981179,0
0.00018991143489649741,0
-0.2630281413172398,0
-1.047650469019642,0
-0.36372385488301834,0
2.9847303308996107,0
0.061827258482250076,0
-0.46833277576385685,0
-0.8847881800588129,0
-1.0181090428187465,0
-1.6477439685026694,0
2.1691235957372434,0
-1.7426777629486148,0
-0.6503364494709191,0
0.5913009484995377,0
1.0720636286073926,0
1.1875400077622364,0
2.9168369079841012,0
-0.15699032916969846,0
1.1977688363719892,0
-1.0104483596520653,0
-0.3668620889272428,0
-0.706751665938038,0
0.5546700579807845,0
-2.5655742772890626,0
0.19317202175851336,0
0.02779056723732976,0
0.8658344440802498,0
-0.23971318682725085,0
0.0912847991851908,0
0.8944877442891318,0
-1.493042223550211,0
1.4598682871384552,0
-1.4665969959175156,0
-0.12286940382019676,0
-0.3564061534970531,0
0.9216025283056498,0
0.6008537469679993,0
0.31378252926831907,0
0.6831605026772913,0
-1.6054219103963594,0
0.5132544661334606,0
-0.006837832291741646,0
-0.8121672164832673,0
1.9029072971761467,0
-0.5875542902429393,0
0.339307558569579,0
-0.21453899411800598,0
-0.3301464800885124,0
-0.42932300583269406,0
-0.10954655273755663,0
-0.8353419134466449,0
-0.32274998796381504,0
0.5626032868847339,0
1.3192273868515363,0
-0.2423847653889616,0
0.8819727504036907,0
-0.5410802968826199,0
-0.6930422127476165,0
1.2257885322262618,0
-1.3380832333784565,0
0.4036324573875644,0
0.7286567047613455,0
0.3125981074641206,0
-0.470745806878895,0
0.48504136051010227,0
1.0799544122003644,0
-0.5120469446741805,0
1.376719890596114,0
1.0652012613324788,0
0.6277794019926265,0
0.3504754561006674,0
-1.0922588246733544,0
-0.06617747436621288,0
-0.7688374114397971,0
-0.9028029943897088,0
-0.0015675455822999783,0
0.34816190032878624,0
1.9888980340933555,0
-1.4368878005287016,0
-1.0818711032500523,0
-0.05984457273467851,0
0.020479116109915572,0
0.5648843457004563,0
2.364751586385541,0
-0.25583948551561986,0
1.2417675169506672,0
-0.9733284425547206,0
-0.471919765459167,0
-1.1021832659147965,2
-0.5017697942032784,0
-0.39113243536060904,0
1.2191497128478628,0
0.7254597260916966,0
-0.22398683959080098,0
0.8231002433797417,0
1.5009995835400927,0
-0.42554303733276905,0
-0.42079332052910207,0
0.952121786841283,0
0.23211634790825067,0
-0.3633184759713362,0
1.1709855738640713,1
1.2612006082125273,0
1.7936890697870567,0
0.20324099118713485,0
0.22124769720199208,0
0.8129924440048757,0
0.8491090749946661,0
2.01691387087407,0
-0.0653544252823091,0
-0.531874475059934,0
-0.7662312955935352,0
-0.07185234190840172,0
-0.04748221517658552,0
-0.07960132494193109,0
0.8493156475641731,0
-0.9320972025331569,0
1.0194087871182,0
-0.9840198728975827,0
0.046292697926781846,0
0.2590818893080547,0
0.1995938862165048,0
-0.8284902285488212,0
-0.7858493767538874,0
-0.730986348560162,0
-0.5358055271213236,2
-2.0827937801690233,0
-0.1361504427938461,0
0.48697058998933346,0
0.9618191552320513,0
-0.4021055262190503,0
-0.33957822636612994,0
-1.0603418793702413,0
-0.22797565185608004,0
1.4581289427940929,0
2.3856951191113254,0
1.1964385241559683,0
0.21940187964583127,0
-0.38579765868912747,0
-0.006207244486460569,0
-0.8721122664864425,0
1.396376926542676,0
-0.80282691928001,0
-0.6388424931728885,0
1.1943547469258284,0
-2.4376214121290354,0
-0.1076981973998045,0
-2.6983406892179023,0
-0.27448445798262494,0
1.637819343244243,0
-0.27061617325593185,0
0.5328493052616097,0
-1.2580752824953132,0
-0.10096680499583106,0
0.3529884844616814,0
-0.854371297030251,0
0.55412144169227,0
-1.0035728270687316,0
-0.0006736583701566947,0
-1.5782080128395073,0
-0.6719522290745699,0
0.3533341953964963,0
-0.3648218598374048,0
-0.7692101542297748,0
-0.9833150225341405,0
0.9371825900909199,0
1.479692550548933,0
0.8923943623017124,0
0.08457113565015682,0
2.0525816989066277,0
-0.07333457467031937,0
0.8969487756934869,0
-0.4644862274624498,0
-2.304730119325681,0
-0.33514707009531997,0
0.19049453583888126,0
0.05658318742831557,0
0.6623616762530509,0
0.8262719030920187,0
0.5678167815747901,0
0.8704957767519405,0
-0.033652292462846414,0
-0.23502344776728257,0
-0.4623435804870047,0
-1.2219352426741465,0
0.6381868553504397,0
-1.1767645844377645,0
-0.19542715502147892,0
-0.33034542627671926,0
-0.17596717400652742,0
-0.08879276084810662,0
1.0818551442923654,0
0.9826971755774984,0
0.464120484067908,0
-0.09907035052552274,0
0.3290645548256449,0
0.6984784656454809,0
0.6164126991041192,0
-1.280227688369712,0
-0.5072772017106324,0
1.3985103166404496,0
1.2633195437414748,0
-0.3638088830308634,0
0.686326817119453,0
-1.162957472585305,0
-0.8438126254259151,0
-1.1320063752434701,0
-0.22030652032202208,0
1.6123160266476828,0
-1.1673165249868322,0
-0.47811183720178085,0
-0.36696098167944863,0
-0.5502753933276807,0
0.38517516970465576,0
-0.4611452269761154,0
-0.07790078563367736,0
-0.3105540835954108,0
-0.4753942388115643,0
-0.01009261313148642,0
-1.69003603237622,0
1.5184915346878882,0
-0.0583110540010627,0
0.5518981441711551,0
0.07832797510025098,0
-0.8544150364765439,0
-0.327278115113341,0
-1.0691079426116565,0
-1.6460829536030304,0
-0.4482992240799662,0
1.0858965621759922,0
-0.41680694603221713,0
-1.1983960106629676,0
-0.1803910874902413,0
-0.3332020994052165,0
-1.0894569985583833,0
-0.8253833598851101,0
-0.7860774338842056,0
0.898418540972325,0
0.2834464543941646,0
-1.2802392110514322,0
-1.5139021853543544,0
1.1238477186852025,0
-0.809251001293237,0
2.200341686389582,0
1.3732153137737462,0
1.6288125793903239,0
-0.14432157022380157,0
-1.4655506978903636,0
0.21592768986152813,0
1.2631016493260532,0
0.32196035435565784,0
-1.0806351278619246,0
0.8695451380939255,0
1.486684768549153,0
-0.39586501576924876,0
-0.033755757584300994,0
0.6610934043397032,0
1.3095791587690602,0
-0.35416878258416906,0
0.29244338337382714,0
-0.6141196539930132,0
-1.839101751550385,0
1.1467218370494905,0
1.2523541596153578,0
0.9866008132816589,0
0.061715282677923186,0
-1.5971664646506312,0
-1.0999307806131793,0
-1.2745423926275299,0
1.216791081468869,0
0.06650124688276149,0
0.13322415578635136,0
-1.2624772463923126,0
-0.7785518143189948,0
0.49201763689071737,0
1.482335160917588,0
-1.346678666570403,0
0.7121988649817244,0
-0.3198823174856926,0
0.12298968817068058,0
-0.7667412447401729,0
0.3240680882932167,0
-1.7669576572944228,0
-1.0586029495500502,0
-0.4538627931333106,0
0.7988727443679943,0
-1.01898788520965,0
-0.37352262176442474,0
1.2466724099900188,0
-0.6389498704625713,0
1.5647819825418408,0
0.9706232852590061,0
0.9003984465760523,0
1.8681932239944974,0
0.3744035769101117,0
-0.6054349709736725,0
-0.9070047374815927,0
0.15351058380251945,0
-2.1230187448149143,0
0.8681645604624826,0
0.48832038381752263,0
-0.37673605643668145,0
0.5381993720505109,0
-0.841409547598051,0
0.3117656646473787,0
-0.2086441271174697,0
-0.4525368977751908,0
0.2143761426177306,0
-0.3850018333220261,0
0.5585804261127731,0
0.4023944922694856,0
-1.426182315672876,0
-0.44676692072185004,0
1.2471419231871366,0
-1.2899523622059614,0
-0.062078105100781905,0
1.1455199328572712,0
-0.157077722724437,0
-0.8811777480479459,0
0.657321466124242,0
0.09561843921925244,0
-0.8331079396095588,0
0.11628410859171844,0
-0.06886434673108105,0
-1.2526737517703372,0
1.7635174708164645,0
-1.2085485349161047,0
-1.183535196539569,0
-0.3287872677170749,0
-0.09762710704853583,0
0.43115233944458337,0
0.13392544657952932,2
-1.3528187253329655,0
-1.4116653960974541,0
0.13769574905942084,0
-1.4013881813730893,0
2.3782289096265203,0
0.34527363315308013,0
-0.5368798483252002,0
-0.04060748993242431,0
1.6544807075930432,0
-0.3588524166035663,0
0.09940467171580751,0
1.2336311625748944,0
1.385984830623328,0
0.49456415186828306,0
-1.2110474462792367,0
0.6352929344590578,0
-0.8416460755866325,0
2.0448943717457424,0
1.3228532004869906,0
0.8031855698537365,0
-0.8632009416305241,0
-1.2271915499041588,0
-1.2773874837951815,0
-0.7925292819042404,0
-0.07848786352737953,0
-0.3323882297830185,0
1.4972241116951177,0
0.34085633682002314,0
-1.0583029230859258,0
-0.8762654827691303,0
-1.3675472901672636,0
-0.3467918967056886,0
0.7068158202327149,2
0.7521178246202949,0
-1.0869954846073742,0
-2.002160264810373,0
1.4334500210222851,0
1.9885508548646023,0
-1.0071444885401297,0
0.12243411028486587,0
-0.3345657706498827,0
-1.1624155133120635,0
-1.0734556399943675,0
0.783281356992485,0
2.4435956042759854,0
-0.6971881518563648,0
-1.4532083141372252,0
0.4512407257852401,0
1.8372242918029522,0
-0.1713273582421926,0
1.2703487712532913,0
-0.20358778029495048,0
-0.37218975550187505,0
0.1489983017617665,0
0.4771406989733698,0
-0.7190371034805103,0
-0.3966609721493041,0
-0.36047795176597114,0
1.9124831628836496,0
0.8176359281134729,0
0.0012629340985918194,0
1.9279299029093457,0
-0.05103399782132222,0
-0.38066906899490577,0
1.2261743892850392,0
-0.8038175431988066,0
0.6279984927438166,0
0.4430853503634905,0
-1.0010288839778791,1
0.40058462349810037,0
-1.1916430695716196,0
0.1228264396607008,0
0.7709256569866815,0
1.2027087223808939,0
-0.48021544952623757,0
-0.19700933833206088,0
0.4629539334507372,0
0.23881713969425775,0
-0.46876808216875293,0
-0.7707116968217096,0
-1.435235297397518,0
-1.3671699509929536,0
0.10806940876033715,0
-0.4767456946616085,1
1.141466308334778,0
-1.2099129598275598,0
0.6450090896031309,0
0.6981443983833241,0
-0.19619092281384531,0
0.7621424490225471,0
-2.1296172769954356,0
0.5825029283391117,0
0.41324426418097665,0
-0.9633548789380384,0
0.20771074108258483,0
1.3305517378438976,0
0.2203633893956356,0
-0.3184266658749426,0
0.9745662941201446,0
-0.7848782187884895,0
-0.8903850763112301,0
-2.6477017703859884,0
-0.921940332289579,0
0.11876284033026864,0
-0.39827962015236934,0
0.35077306986092704,0
0.6577204199661832,0
-0.17351956155922593,0
-0.07240504650342815,0
-1.7240495350304197,0
-0.2510529198036665,0
0.8354514574980125,0
-1.6478669471071685,0
-1.1805366163942606,0
-0.3251559539406272,0
0.3817722311904104,0
-2.4110905893378436,0
0.8167753635057735,0
-0.855168948607854,0
-0.9966031460503808,0
0.578639144566853,0
0.9340853654697391,0
0.1602584966669637,0
0.40278798321077985,0
0.44429881499716684,0
0.3593532544019159,0
-0.435173004009769,0
0.9719035913529888,0
0.7011932141030781,0
-1.1646959228295903,0
0.4831764794139612,0
-1.1972218260853327,0
-0.4853646036410284,0
0.8264875441298914,0
0.804010730620362,0
2.327059293476531,0
-0.7297028581627735,0
-0.3552167340756969,2
1.8168752724282216,0
-0.11760203795336552,0
0.45931087581469116,0
0.3462638884927251,0
-0.3643230539100092,0
-1.4208782603545655,0
-0.9153886043170609,0
-2.4367141813649766,0
-1.5277702523875043,0
-0.3106342139014433,0
0.0703800318182352,0
0.47365785180937897,0
2.267003660130489,0
-1.0381290628969162,0
-0.4660522807229903,0
0.8317874360335038,0
0.6155572395764435,2
0.781297148776982,0
0.24258128813628502,0
-0.5944398071544366,0
0.31211151586718955,0
0.4974816402070983,0
-0.5494688990089746,0
-1.243139044447167,0
1.0325138473092426,0
0.24931706653147928,0
-1.212916192128597,0
1.2046909093292888,0
1.1519198630737226,0
1.0570144113626088,0
0.1648805855870941,0
-0.6565914452696905,0
0.18018181522983964,0
-0.9322475675625087,0
1.27187602944548,0
-0.16978883564997505,0
-1.0135477137031432,0
1.1634425228856609,0
-0.16281495618094888,0
0.03197152423218255,0
-1.1153166637451284,0
1.5041760978895764,0
0.6469540268515304,0
0.17781636127905234,0
0.7413663988541015,0
-0.7695607021974717,2
-0.7196899652154618,0
1.62964731032889,0
-0.3955825241466785,0
-0.2941696101786971,0
-0.036986161859557345,0
0.362891952054318,0
1.8138787898515187,0
-0.07681767097533868,0
-1.0273590378691948,0
1.9827363142764958,0
-0.4429913597757654,0
0.3473722415605502,0
-0.4820344170090749,0
0.6432319686078201,0
-0.9712112714930947,0
-1.9484219108351186,0
-0.36497435268855166,0
0.8107132786986454,0
1.02075235888701,0
-0.08067284788881579,0
-0.8470718368601771,0
0.04398836075703537,0
0.37193791626738276,0
1.5744232634026074,0
-0.71871892510723,0
2.277029185413006,0
-0.8322969024395843,0
0.17051408050756992,0
-0.17732190119670263,0
1.3534175348535613,0
0.4118776451057065,0
-1.7327235835017472,0
-0.3514537509692581,0
1.6594022723468842,0
-0.643149979446333,0
-0.95847910109742,0
-0.98477608117848,0
-0.42282580386286583,0
-0.7465414497423416,0
-1.3362358117220396,0
1.4727466693061089,0
-0.5937689206703392,0
0.4722625798224305,0
-0.600455845167457,0
0.719451809284168,0
1.1237101166814802,0
-0.28535205030727856,0
-0.23588315523921954,0
0.6043671141992945,0
-1.1441776499703402,0
1.2973437996697972,0
-1.1049838210464256,0
-0.7202989189328382,0
0.569266731635587,0
0.786316903550728,0
-0.2781217481954475,0
0.2972553931025175,0
-0.05675998130409828,0
-1.1241269726708607,0
0.40974957622618136,0
0.46369023579528923,0
1.6508248089243613,0
-1.3421580092247594,0
0.39733587248263735,0
-0.0857072438812955,0
0.9675433903365834,0
0.8992675697368196,0
-1.4635335754101868,0
-0.007610719854173938,0
3.39962200771082,0
2.3525686276941364,0
-0.3443135346482979,0
-0.22141357283961233,0
0.09273651007529186,0
0.9417682325407647,0
1.269467341077345,0
1.1565924796296474,0
0.12859458774993507,0
-0.15813711221977328,0
-0.5042197258107035,0
0.31572084268026124,0
-1.1769421279423227,0
0.9349779495080383,0
-2.7202107307052543,0
0.09728199347271614,0
0.523855437523956,0
0.17514594313029125,0
0.9437032613143094,0
0.3995772053302939,0
-0.42754312784937715,0
-0.6293846327268239,0
0.6273014053565282,0
0.885104204891916,0
-1.5971679878782512,0
0.20833017793654326,0
-0.02622779457757924,0
1.0398950069775756,0
-0.28486468038804424,0
1.2798540310892144,0
-0.37727390377843956,0
0.8703557152655286,0
-0.16176843981734124,0
0.05768385345957212,0
-0.6967139589197628,0
-0.3241356950111168,0
-0.20837534923416348,0
0.25762987031898144,0
-0.25406381773135756,0
-1.7191463354725331,0
-0.7233599055913982,0
0.4355759304125989,0
0.30264714159666234,0
-0.8316066929964443,0
0.9845697998329118,0
0.033114277807112284,0
-2.05598433558032,0
1.2880317559501708,0
0.0817715957626584,0
-1.3823667285956662,0
1.5673885454314336,0
-0.3145384236967935,0
-1.1669378973842062,0
0.6469602461349191,0
0.333472477899967,0
0.2947371481120886,0
1.73407710896006,0
-0.8786081561151577,0
0.19654526839336245,0
0.20372437044272232,0
0.10155380449057415,0
-0.5848369563991378,0
-0.016514256332452203,0
0.15596340658595884,0
0.27139531993581595,0
0.2579499369030688,0
-0.5932464272848137,1
-0.00869322950866916,0
-2.5395218285270116,0
-1.881888023048259,0
0.14169139409773748,0
0.10472847842077412,0
-1.1571483549507977,0
-0.8736244048108924,0
-0.10858114416595731,0
-4.84312724819645e-05,0
-0.43151629138673886,0
0.3332162984419432,0
0.8715754015312756,0
-0.752626570296575,0
0.859315794759931,0
-0.7196497900209071,0
1.2439993966416687,0
2.110734155398193,0
-1.5216989363659426,0
-2.7723568067106115,0
-0.13291154068442998,0
-1.6801891565525773,0
0.10691328228010825,0
-0.8503252435409977,0
-1.3869175669577605,0
1.6665540332883242,0
-1.7997444473610174,0
-0.11221861392750766,0
0.4065634424557844,0
-0.5054402657850492,0
0.6822150540166612,0
0.5181546544480262,0
-0.8293206110154112,0
-0.11914498576718337,0
-0.07137631135588225,0
-2.075789428009239,0
-0.06492986129018977,0
0.4834707140205608,0
0.05705259122226462,0
-0.583502039701871,0
0.004077618728983246,0
-0.4269545807919851,0
1.0926738922919341,0
-0.770603032440502,0
-0.5134900216739723,0
0.3978922967059322,0
-0.8321123809274773,0
0.5290194064471041,0
0.7299259977712921,0
0.30840460609257697,0
0.35949186768615304,0
0.4808040191937746,0
-1.04525029910644,0
0.10201299651407944,0
-0.9745258726352221,0
-1.2037429600427607,1
-1.6407929091127673,0
2.107398661550293,0
-0.26364957719951726,0
-0.06682199658947235,0
0.7266373668751058,0
-0.30949923890225023,0
-1.3110029836171988,0
0.37583993956467593,0
0.2617970027086134,0
-0.8037616250007765,0
0.4915387325371902,0
-0.7560698089357388,0
0.9511301272310624,0
-2.950871972176945,0
-1.114140421075884,0
0.8618450513258984,0
-0.6989479521577847,0
-1.4048124091038718,0
2.007760069590956,0
0.39919178325738197,0
0.3418018549561254,0
-1.49244501545124,0
-0.26062017756402883,0
-2.0138280078726103,0
0.11109810168959364,0
-0.039092408344703344,0
-0.7037448215448008,0
0.5061121114407376,0
0.9488911918154331,0
0.6136228021004425,0
0.3786126059532255,0
-1.140807228214149,0
-0.5278985420906935,0
-0.2169271035855291,0
0.8336754947086928,0
-1.9462867250119835,0
-0.6957568521771873,0
0.28796455107874813,0
0.3722655816990003,0
0.5257002257674068,0
0.6978316363228864,0
-0.11580491691162857,0
0.46909729287835283,0
-0.5428603812626521,0
0.10748497877137632,0
0.17534075238646293,0
-0.8167320690534693,0
0.9758015330362403,0
2.019116487440491,0
0.23397598046869048,0
0.9924487179609629,0
1.7154856552281785,0
0.7271265116204203,0
-0.4580468872394485,0
-1.0165560377568947,0
-1.0200038000583487,0
-0.8833895419041279,0
0.4736623242919424,0
2.179513016948895,0
0.31988262795366557,0
-1.0845541261206206,0
0.25231696022175415,0
1.4111439010548963,0
-0.09994331607144541,0
0.713195774975786,0
-0.32424682504042784,0
0.3862326086899038,0
0.5440163306388589,0
-0.6359230427794018,0
0.8920928803163745,0
1.0694117838381116,0
-0.4260544909176869,0
0.7026338557464481,0
-1.014274032096938,0
-0.7263297668041635,0
1.0573308921138769,0
-0.13110340590574004,0
-0.09869868427875593,0
-0.09249378512619703,0
-0.23796174286703378,0
0.30911659656559365,0
-1.2879046875617288,0
0.28676480967583146,0
0.6857581194522117,0
0.028560248003426804,0
0.5866584520819704,0
-0.5362930042801024,0
0.6405108535244668,0
0.8495804628257291,0
-1.578774066452217,0
-0.12724154377754693,0
-2.0879166520435124,0
0.569557286554392,0
1.2986012078280702,0
0.34265200593422024,0
0.939562761692395,0
0.6239551300414846,0
0.2948579962075662,0
-0.467194504169148,0
-0.9890411455913274,0
0.5002277679156333,0
0.2720653847151074,0
-0.0013722490841984207,0
0.03804837783535745,0
0.42287551795368095,2
0.13401566535486825,0
-0.23682318098365043,0
-1.1507574221626666,0
0.060918176901094745,0
0.5944235395578003,0
1.2163549792624215,0
-0.7962208864415127,0
0.16012043100145745,0
-1.203073500248388,0
0.9843344514691448,0
0.11260569499626073,0
-0.9809985081383987,0
-0.8221469495208894,0
-0.28927356875490623,0
-0.4220220555428446,0
-0.8062540036760687,0
1.65267438801587,0
0.104146397841891,0
0.27476665888978574,0
0.2884205711059557,0
0.7530946582684539,0
1.2400982475310234,0
-0.029549215555688176,0
0.3297345929806543,0
-0.8057196817289914,0
-0.07590915233136672,0
0.30553587808609095,0
-0.10690264029735208,0
0.2866895832019107,0
-1.3551539452340902,0
0.607309719762349,0
-1.9671861416793335,0
-1.8381129273339885,0
-0.36489170730772325,0
1.1915366148112905,0
0.14544594874257538,0
-0.5204333204130822,0
-2.402762053722113,0
-2.0119597024930536,0
0.40148358072144114,0
-1.8549165461864665,0
0.1803177742900952,0
1.2182447655479205,0
1.0057504962839166,0
-0.04818858811892013,0
-1.3940896993220835,0
0.6392379852420093,0
-0.8692010984105947,0
-1.1357548042043788,0
0.3006768669668662,0
-0.8577782424520632,0
0.8227871198978234,0
-0.3624520955071313,0
0.6028539848877442,0
0.6813623425868105,0
0.623984830710682,0
0.43539130174778806,0
-0.012895149131206107,0
0.16483968298470306,0
0.3201980890267086,0
0.1816932693889805,0
0.7259529627443078,0
-1.3286908357120475,0
0.18066127948540828,0
1.559683631227141,0
0.888977819165639,0
-1.2555624972283697,0
-0.4156243162236974,0
-1.5512410514367994,0
0.7195056992474196,0
0.2808316664294196,0
-0.2963402390448087,0
-0.1925930415548377,0
-0.5097079710444183,0
0.47982188097445233,0
-0.45933026687247286,0
-0.3150987342544895,0
-0.7986482416927029,0
1.4942328930172781,0
0.41842816563941954,0
-1.1415202918570724,0
1.7756571500759593,0
-0.6362628618539801,0
-0.5724456295156959,0
0.9279413967449561,0
-0.4943550776040251,0
0.19267487475184425,0
0.055496835023809934,0
-0.7808602087986728,0
1.8363400367095764,0
0.5462086626811671,0
0.09028574564256334,0
1.0856110269110453,0
0.41613087574956625,0
-0.5141481190943368,0
0.3918169477655201,0
-0.13716486244286621,0
0.6917485081682209,0
0.8449023370595903,0
-1.1650141840945,0
0.9993513408625468,0
1.6142241214813025,0
0.7518169031790407,0
-0.29213208941957214,0
1.4398934810672248,0
-1.231771175892759,0
0.11518426883769779,0
-0.35681901233139546,0
0.7177423437734937,0
0.7941168288255745,0
0.0856451634738971,0
1.2456274347461542,0
0.5222585017698228,0
-1.373497488237014,0
0.15635347848614298,0
-0.6921490387977883,0
0.17564215219206583,0
1.8390665987070671,0
0.45627357543720026,0
0.9135398992899674,0
2.197159583149125,0
1.517589084624934,0
-0.1903479763203233,0
-1.748832945855855,0
0.7974240812430137,0
-0.2481834299197119,0
-0.07777724374197603,0
0.5878322239981025,0
1.7910011732509703,0
-1.4016496171570556,0
1.2623951386311276,0
0.4332252012338335,0
-1.2619368457361866,0
0.8697891026169451,0
0.06332895568856481,0
-1.0166867943848228,0
-0.2620000416719589,0
-1.0090019526323308,0
-0.374344670758098,0
-0.41971290486999696,0
-0.7381742102095963,0
-0.8044380274368929,0
0.34565400832823956,0
0.9941848088733877,0
1.001055315465884,0
-2.239775898175772,0
1.6443327883071837,0
-0.2534759337659785,0
-0.7968042954755908,0
0.0917144765434745,0
-0.14731116445813924,0
-2.4334734225672623,0
-0.4665129524037668,0
-0.9577141936524878,0
-0.5825262692397449,0
-0.13982533087625737,0
-1.4945527222502968,0
-0.9347634890282802,0
0.023976467348874396,0
-0.10895471395176884,0
-0.16153316071472873,1
1.0808304679788663,0
-0.6365562456157627,0
0.498345640620589,0
-1.4388641334802794,0
-1.583534757914749,0
0.0009705445732263204,0
1.4964720935258362,0
0.3670013137536431,0
0.07485030863038045,0
-1.1224756965090328,0
1.0942905764855908,0
0.6555030802386159,0
0.48856381886788425,1
0.8745928948498559,0
0.4995876071632137,0
1.020424493413663,0
-2.573037713342936,0
-0.8311910664267498,0
-0.2803333256910522,0
1.4382211616247653,2
-0.7267152368075765,0
0.02478028714448433,0
0.3548565098396116,0
-0.20273238172335387,0
-1.0556241594731604,0
0.4734778905833581,0
-0.0758619449671084,1
0.2599001988392906,0
-1.0916453833046784,0
0.06471090401645044,0
-0.13005247758902883,0
1.0890309791723671,0
-2.069900767291161,0
-0.6596642807061541,0
-0.41823159189877934,0
-1.117995905314683,0
-0.5500305374280338,0
1.2190975044438421,0
0.1459012127743127,0
-0.7803432919864135,0
1.1558793213386864,0
0.7606562174204959,0
0.1892789530096004,0
2.1942653450771648,0
-0.1017307527779821,0
-0.6775128008816733,0
-0.2939630287702916,0
-0.07571305734379574,0
0.30593044399260955,0
0.4097598502079723,0
0.8454732650902969,0
0.16768775625707813,0
1.015743351628604,0
0.6230667702903578,0
1.3294392342026597,0
-0.09532606582482472,0
0.7048610043597503,0
-0.7132771446065472,0
0.7203515829634598,0
0.3287608863196918,0
0.3288933480264965,0
-0.6115991057288157,0
1.4244113849007276,0
-0.2360204219239467,0
-0.7351210103702348,0
0.21298061988877273,0
-0.839036025171942,0
0.7787585801338419,0
0.6683213054746037,0
-0.2191279366317057,0
0.33071933303551465,0
-0.315564016148597,0
0.14134873684902613,0
1.440796899188691,0
-0.21573424375774639,0
0.34131315974683035,0
-0.3770975035926761,0
0.3719315119510672,0
-0.2430066671788267,0
-0.5756984909225425,0
1.2225559613683439,0
-1.0616797661261692,0
0.06567584574739706,0
1.2590924390350615,0
1.2301323653392575,0
1.759306053842019,0
-0.8084033450775004,0
0.165085058451901,0
0.17652497328356218,0
-0.1800258233263876,0
0.16288508284818376,0
1.443979513089523,0
-0.8752270024649552,0
0.6137740010037077,0
1.0145803435471974,0
1.766910780691724,0
0.992318347593448,0
0.1836956373445104,0
-0.35400406436408727,0
0.43809269132767054,0
0.24711997423537976,0
1.0132671873112777,0
-1.4538072393934096,0
-0.2784962465662303,0
1.763971703305507,0
0.9731697526974901,0
-0.5358082931333981,0
1.0314742775625874,0
0.6353821011170168,0
1.4639246346828374,0
0.7073381130286212,2
0.5421492298886409,0
0.7205687940687082,0
0.574090060892144,0
1.538456613633708,0
-1.1667302807793196,0
0.8344365731684329,0
-0.44812754884229056,0
-1.660459554899087,0
-0.6363415904340337,0
-2.022462893863545,0
-0.6375348422750663,0
0.34883760049330004,0
0.026972018386994385,0
-0.03719223147715766,0
-0.2967144457617967,0
-0.8004242386629502,0
-1.513099503181341,0
-0.5915223779398605,0
0.028687926284243402,0
-1.1800458796450282,0
1.4076448033531397,0
-0.47136297349569956,0
-1.203157454338226,0
-0.4178568530681095,0
-0.4315692389720332,0
1.7723285833785576,0
-0.5581414509191331,0
-1.0418190678516719,1
0.04769651266761931,0
-1.446103736075474,0
0.9680483414856368,0
1.3668389736911077,0
-0.7604671906316953,0
0.20012093244374823,1
0.9603474865953293,0
-0.5495442130463354,0
-1.0353503388509897,0
-0.9243672299721989,0
1.4724307428388637,0
-0.9220280564392946,0
-1.1542650404085422,0
-0.312746450742988,0
0.6884613306120062,0
-0.47970408126675457,0
3.1809691000837494,2
0.14198612818015877,0
0.1743797266138214,0
1.1218425296359111,0
2.0640352862359115,0
-0.5768442345154432,0
0.6219391047737446,0
1.095055530826553,0
-0.02444277511449729,0
0.4519854781113849,0
-0.8001532433765133,0
1.4318913294186912,0
-1.457392838801494,1
0.823847884675789,0
-0.529306933894422,0
-1.3010409196132704,0
-0.8845373582055334,0
-0.011522291333132964,0
-0.9443189034379232,0
-1.4481346273807072,0
0.5368550786180635,0
0.16258774856982294,0
1.3122006755459459,0
-0.7786873052283787,0
0.4277095323163074,0
0.3272333212826806,0
1.2024237523536614,0
0.540511666091061,0
0.606647752449712,0
1.0879496461086693,0
0.08069208528019683,0
1.4173995737040355,0
-0.8255061812403076,0
0.6617855100814797,0
-0.9825843919085226,0
0.35929952747947785,0
0.14186639239747734,0
-0.15972998141522657,0
0.37728078429367695,0
-0.37229691358548106,0
1.6328298384278759,0
-1.2755197681188175,0
2.0885792523044553,0
0.051236738339233485,0
-0.26815511846326,0
1.6000057630811155,0
-0.6504984630877069,0
-0.6503164944526281,0
1.8561473803572408,0
-0.3592696677241839,0
0.06568658997086119,0
0.4350909035497383,0
0.6876559096034892,0
1.0644898360253698,0
-0.6919915163933976,0
-1.5261238333032496,0
-0.7588158717638623,0
-1.0628140976346419,0
-0.5457800223280278,0
0.3103327785960503,0
-1.7092104444751177,0
0.47658760877562906,0
-0.12077788646667231,0
0.44929133669296384,0
2.276804379126813,0
1.368332631971526,0
-1.0529671290728022,0
0.5826860868721818,0
-0.3816537916523135,0
-0.6662482670727707,0
-0.18542807038835427,0
0.8380082787905072,2
1.7940733970729548,0
-1.3839845425695838,0
0.20128058207729035,0
-1.1434462463181765,0
-1.0076807857436467,0
0.021617483094195502,0
1.1369730296769767,0
1.0668683732279856,0
-1.8556777742699202,0
1.3935497862262298,0
-0.7257115938864289,0
-0.41407465192944953,0
0.4196577815987319,0
-0.5219588674565204,0
-0.10425202887768277,0
0.7651774081390912,0
0.07418529527194392,0
-0.0929129475993244,0
0.5479667541449732,0
-1.0132104888798399,0
1.469932427945694,0
0.39819920786993046,0
-1.4494373397653288,0
-2.4631278913476864,0
-0.1587294250326508,0
0.1142818278831267,0
-1.3780718027066876,0
1.360109386129086,0
1.8167824132572152,0
-0.6272961530691921,0
0.7968903360292283,0
-0.7625544700410408,0
0.3817349078165898,0
0.3969252832132974,0
-0.4843921535318993,0
-0.29775436644347497,0
-0.2792382311800873,0
-1.0115277652545898,0
-0.3033265013071507,0
1.8927114158541787,0
-1.598311299866095,0
-0.17945174917767953,0
0.5753695267621373,0
0.693365511436828,0
-0.005328323189358242,0
0.9317811425359203,0
-0.20465172764008507,0
0.5400400106913912,0
1.64738437684338,0
-1.5733648194971779,0
0.7322606018172877,0
1.4346578160180028,0
-0.26135317417337084,0
-0.25051995211205186,0
1.0636223352769456,0
-1.2729803875103842,0
0.9012586755143712,0
-0.5734291940629277,0
-0.6878213537534924,0
0.7702097794556322,0
0.7531403253199264,0
-2.43856207893339,0
-0.5491149160976836,0
-2.4202472170714713,0
0.3138116401571555,0
0.8374429025949177,0
0.3407139219831961,0
-0.2260896655177445,0
-0.7010163372507754,0
0.7818265475868125,0
1.3256237807844005,0
-0.769492323073674,0
-0.09917046028020013,0
-0.5739821423401198,0
-0.743346763448444,0
0.5559537443274591,0
-1.054414080662608,0
0.27865222041775023,0
-0.8001977084395043,0
-0.9329361619974625,0
0.22071184373471456,0
0.823235771082862,0
0.5548619415015189,0
0.029215952623944958,0
1.6944067729535068,0
1.1085439818923917,0
1.0502948861545802,0
-0.6683190353469922,0
-0.6451490929029052,0
-0.19641887217047083,0
-0.4380587054970308,0
0.06474034634105419,0
0.2302098494168148,0
-0.3919752431947728,0
0.005350888955607893,0
-1.5967241864449562,0
-0.6052486020292464,0
-0.5734059022353014,0
0.08547462694189423,0
-1.3239611564157734,0
-0.09894721665778702,0
-0.6432129628901405,0
-1.3281124789122143,0
0.4620774395083387,0
1.3196258169611164,0
0.37238093518552134,0
-0.5135271265263206,0
1.3724327508007965,0
-1.1206548470063304,0
-0.3584748477854397,0
0.7719081788329684,0
-0.28051923243903654,0
2.24782157306333,0
1.8234318081350442,0
-2.6478166655336026,0
1.0563482670312463,0
-1.1750728586244816,0
-0.07545179443472726,0
-1.3912811123389206,0
-0.6454953050268126,0
-0.7186439761291933,0
0.1503407077819314,0
0.8400435697101863,0
0.47597070803063946,0
0.3006840385657893,0
-1.5585640799756222,0
1.267015570093707,0
-0.39554663154726044,0
0.6091979235765856,0
-0.1423589480611557,0
1.0089342017112106,0
-1.84437416511343,0
-0.4558501536373791,0
1.9916797320146225,0
-0.21383054561931358,0
0.5860130545225997,0
-0.5287826070572029,0
-2.0189359616270504,0
0.6130841960875861,0
1.688827260514557,0
0.5831212756165992,0
-0.7666613581620503,0
-0.2699868468169497,0
-0.9547701549210692,0
-0.1879841957756033,0
-0.27028256659068745,0
1.0115010303347165,0
0.7674916082064165,0
0.5024103502504204,0
-0.7230397714140616,0
0.4128791416963094,0
0.21841510531943148,0
1.2830728627678256,0
2.0780960280759793,0
-1.1035743870067307,0
0.17583622701575663,0
1.063536310913153,0
0.9587193807783937,0
-0.4169074435836446,0
0.5408853833593747,0
0.6871344361994908,0
-0.1608711953546589,0
-0.5852928169792074,0
0.0094124824071626,0
-0.28109310937927734,0
-2.5528569238448746,0
0.3658296399099257,0
-0.6347277426744373,0
0.3848862431020952,0
-1.783230634018883,1
-1.035178858241044,0
0.6139210826155425,0
-0.05238999598475567,0
-0.801626422300805,0
-1.130415725567677,0
1.840656367161014,0
-0.4557701202157296,0
0.1558379558388433,0
-0.7069677982661795,0
0.1778754182277405,0
0.028447582390747708,0
0.2137236251935216,0
-0.14570043201350466,0
0.7808220408072306,0
0.024788407808901874,0
0.05544857426116042,0
0.7904287810350333,0
-0.5421106756957856,0
0.7928233240142271,0
0.23461504792600282,0
-0.6604307337633456,0
-0.4077370154780711,0
0.8310659517599844,0
0.0347278600002,0
0.7437569183314469,0
-1.7128410625243424,0
1.4307290730643454,0
0.12099993050236761,0
-1.0372115875550998,0
-0.8445735735272313,0
0.6445387181930148,0
-0.45599418701616923,0
2.0628532587647133,0
-0.5621868287399231,0
-0.8925053966131354,0
-0.6660107019923418,0
0.6362603089341168,0
-1.1672334938968059,0
-0.34562880642761357,0
-0.09479864408418469,0
-0.2336043301964789,0
-0.3272916061086817,0
-0.45000143148911204,0
-0.5327373134913923,0
0.7875786671003743,0
0.7388122870605194,0
-1.4627781422339803,0
-0.3061184235990695,0
1.1751003154316637,0
0.9427770834854016,0
0.8197336515131884,0
-0.2548375520082518,0
-0.9553968001702055,0
-0.7611988720694093,0
1.8732335573286645,0
0.45690179769716677,0
0.20634102207415556,0
-1.931186670242682,0
0.05248048310503056,0
-0.7536050158999602,0
-1.282117855232307,0
-0.11576568934374462,0
1.0895109789520738,0
0.4800210875702491,0
-0.34047763801130193,0
-0.07710307165985435,0
0.645665150905516,0
1.514648057163204,0
0.47560298280607743,0
-1.5920010004726741,0
-0.04593427971459826,0
0.5916480155612186,0
-0.3073308793661895,0
1.0924382346668964,0
0.5975740115995348,0
0.09782517871092375,0
0.7120723326970975,0
1.666548625992922,0
-0.9194224435828698,0
0.9385282878980861,0
-0.5750077390124447,0
-3.357285413522484,0
-0.8051478688946035,0
-0.7535851022213101,0
-0.5680729847772349,0
1.292440069035098,0
-0.3344998853208101,0
0.4616870587993163,0
-1.2873055879480317,0
-0.23228131981886402,0
-1.1852996990511504,0
-0.7727023281501104,0
1.3647741764815158,0
-0.17201741265867,0
0.1314650397272038,0
-0.26003718315429886,0
-1.0940756419803748,0
0.19821191814013936,0
-0.18144625950520799,0
0.5070297211941878,0
0.9266767978660785,0
0.3992178943239063,0
-0.5599266964357423,0
-0.5242953401422451,0
-1.1084007620747365,0
-0.010394179507064373,0
-0.954253979234281,0
-2.048871569964013,0
0.07988008643673368,0
1.253544409634244,0
0.8714456374353695,0
0.5845944552183608,0
-0.6619990476049856,0
-0.2670470946013805,0
1.3485562963523339,0
-1.0822941851135728,0
-0.6607008090530618,0
1.7021810934547918,0
0.8408126621889572,0
0.019805437717504943,0
0.722618789465612,0
-0.41157792653377684,0
-0.42268413892862394,0
-1.2277723061823609,0
-0.2750961377241807,0
-0.5164461147165939,0
0.11608302097653882,0
0.04869942228546765,0
0.9596522852512454,0
1.8655908281704212,0
-0.9294192836131129,0
-1.037108364553981,0
-1.373599509044826,1
-0.7941540581141213,0
0.4933080996088437,0
1.2757042063911268,0
-1.6105617252581186,0
1.3640725016537758,0
1.2686205444533853,0
-0.9219996447529867,0
0.7657506632905448,0
0.85570802082475,0
0.6037734480170038,0
-1.5075432532719895,0
0.32805104035994814,0
-0.16660780565464522,0
0.6955939953165815,0
-0.404519614312708,0
-0.41947019692513077,0
-1.1460940435312792,0
0.055375196875066396,0
-0.6888112881022529,0
0.9109898681225788,0
-0.30734645183772763,0
0.2672088364811775,0
1.1656518528037567,0
-0.0023628712051869203,0
-1.163267016346471,1
-0.42781004580632254,0
0.9086250409389193,0
1.0038945569178002,0
2.4269319169431345,0
-1.7649214836649971,0
0.29459298743784995,0
-0.26261133490008826,0
-1.348687645785621,0
-0.22711148346330412,0
-0.5660959736272672,0
1.4179203240385918,0
1.3758479029842476,0
-0.6958427267017717,0
-0.2218871195338727,0
-2.5726588583053087,0
0.3439045290840999,0
-0.9264740103118062,0
0.3377822571626705,0
0.96825803707205,0
1.0606874245052467,0
-1.3946726535379037,0
-1.3379108373844488,0
0.1950499555310768,0
0.521699155972449,0
0.07430342291468608,0
-0.3437473433622604,0
-0.7900301713514674,0
-0.277072831836784,0
0.23944283451392054,0
0.11060734332576197,0
0.41382863606295606,0
1.3303781842647164,0
-1.3227800754264953,0
-0.019176986391438763,0
-0.3297861198420306,0
2.1897412738471305,0
0.5337518317249321,0
1.5653808040337738,0
1.0325296799702361,0
0.46195633868337765,0
0.08358552515225241,0
-2.155370357139744,0
0.21276605232174214,0
0.766385608024394,0
0.12290570642376562,0
0.39672330211998674,0
-0.5298896591990028,0
-1.722630150271658,0
-0.7885111679996016,0
1.080651035759379,0
0.6083836620083707,0
-0.35989496963453654,0
0.8259432061253119,0
0.05792824501593448,0
-1.1508455226173488,0
-0.2088673009940207,0
-0.3455883503383909,0
0.6332478481838941,0
-1.614717934390301,0
-0.6903558219155284,0
-0.5086039479533786,0
-0.04574885406067213,0
0.7569162565774701,0
-1.9885926696849758,0
-0.8213112274635193,0
-0.782520848475153,0
1.3368768403199403,2
0.9189363922613921,0
1.908787716212282,0
0.12548157919162709,0
-1.0910898419124788,0
-0.4446415641555846,0
0.7752461417791379,0
-0.12720397102081402,0
0.6017788001281206,0
-1.2506599018253848,0
0.6460764714562799,0
0.31961621216034825,0
0.36207653639674414,0
-0.38192885608177,0
-1.5480082471380767,0
0.29591190757485997,0
1.0797960952272576,2
0.8412161164176051,0
1.493347712465298,0
0.08006978849420324,0
-0.29705335067938754,0
-0.17112634787214404,0
0.9771181920236442,0
-1.1485556195279318,0
-0.9596134124050286,0
1.0993550233823304,0
0.7578198994120773,0
1.607891496459486,0
1.6511903331882,0
-1.4818479797758017,0
-0.5038689696678005,0
0.2796472785475833,0
-0.40845359813524473,0
-0.251951399984338,0
-0.6296979191349781,0
0.09558575385378511,0
0.45855777044387697,0
0.9987907731126826,1
-1.6136640468626748,0
1.386643201896651,0
0.9625486188687148,0
-1.0380196416931224,0
0.9801769942610853,0
-1.6282644984679289,0
-0.47246668220514987,0
-0.3482784770435249,0
0.4695298979569163,0
-2.0290959204666446,0
-1.2498832949382481,0
-0.5564387097343536,0
0.09851826107057846,0
0.9992736929120427,0
-1.3496875460692346,0
-0.4853774363383431,0
-0.4833532517504171,0
0.4856400760696154,0
0.5689322227073932,0
0.9403942795496003,0
1.260228711212505,0
-0.04630400354355638,0
-1.395230365526256,0
-1.003571641876478,0
-1.1418598112934193,0
-2.0638929105201838,0
0.6740365296905668,0
0.010957869011447637,0
0.866470298752439,0
-0.8148868433003664,0
0.5423892839045181,0
0.8066823136019055,0
2.3529366782716834,0
0.4177056550765615,0
0.7237236071375155,0
-1.2352795922754525,0
2.012733943343366,0
-1.3699257964748692,0
1.1539497968372867,0
0.7066282050239119,0
2.830908397775795,0
0.25159831101209496,0
0.39350262972767236,0
-1.9174540345097288,0
0.06787079929708904,0
-0.12426363660604413,0
0.30274152144376176,0
-0.3608468190370039,0
0.29465235948401247,1
-1.2267568056819096,0
1.372671550067502,0
0.25887845194104203,0
0.7946772371071357,0
-1.5857517971025938,0
1.5306778319225938,0
-1.1146027630781925,0
-1.409212343668633,0
0.34207019568818003,0
1.1654813728125035,0
0.31954195148722725,0
-2.146427480161632,0
-0.4803917902936576,0
1.5089674581365662,0
-0.33899965201391585,1
0.054482212775138886,0
-1.324009709137875,0
0.37002685750067094,0
-1.50341729674334,0
-2.2256614183081402,0
-0.6539405114499709,0
0.8414287503172574,0
1.1864544260323513,0
0.785000265951043,0
1.9021914786197405,0
-0.21490461822259807,0
1.0228282939505076,0
-0.2788242540660906,0
-1.3420830218717086,0
-0.7794878081976104,0
0.36026051825069294,0
-0.2868744284773285,0
-0.10604169605278489,0
0.5465387121182654,0
-0.561630320749354,0
0.45763879092500803,0
0.8853861762938301,0
-2.319696747005592,0
-1.0929730590694158,1
2.326467703934638,0
0.8120287456820381,0
0.48473361811360227,0
1.190943352673158,0
0.93136877809235,0
0.22158818035756733,0
1.667695251656399,1
0.2636515544570607,0
-1.3547407897181016,0
0.6678035449543788,0
1.5784531847770713,0
0.8018764280962741,0
1.5181924774972502,0
0.2764403007417302,0
-0.7196223509479482,0
-0.004320620035975938,0
1.4683355486636913,0
0.2987211079784143,0
2.51363550690904,0
0.4240169417611787,0
0.014069314769215479,0
-0.28087749665638995,0
1.1833044686767757,0
-0.29695669722851276,0
1.8447974525512478,0
-2.099356292635006,0
1.5542050123646305,0
0.18814152989547528,0
-1.303067341760853,0
0.9126600456021456,0
0.5714060913620267,0
-0.4123173155068361,0
0.9518311292850224,0
-0.34652409589675204,0
0.9125740119723547,0
-0.5502055468307115,0
0.7489066595429205,0
0.1038491589360519,0
-0.7248300228301529,0
0.11958792882776904,0
2.152633080040684,0
-1.316892689314213,0
-0.6157411891473659,0
0.8600354503662178,0
1.1751342993560767,0
1.070359610625128,0
-1.6170812756371393,0
0.2416261751769382,0
-0.28986860428885464,0
0.6322755071379214,1
0.7145669368013805,0
-1.129609074433649,0
-1.2324254876011627,0
0.9437989076936052,0
-1.1168274369616107,0
0.4853677678844745,0
0.9396702876801911,0
-0.21719616550984933,0
-0.6242315417230425,0
-0.2302088908066364,0
0.4333130422447874,0
-0.7465614686512415,0
-1.8548509378856224,0
0.018384785384972426,0
-0.4302462832097246,0
-0.022817198395906263,0
-0.7819322084478787,0
0.616979158604479,0
-0.43535300871613436,0
1.5592830177755819,0
-0.23943281969461425,0
1.1578017964933194,0
-2.5069485492412085,0
-0.27660586043933694,0
-0.662105290138062,0
1.3833617123089237,0
0.4218446730529037,1
0.49135836328707977,0
-1.6005934392616803,1
-0.43126086420490634,0
0.6267437050344852,0
0.46734524894532503,0
2.102644020543825,0
-0.9273674823158987,0
0.7475815464052507,0
1.4067995317090574,0
0.2779753269563827,0
-0.3349469258986038,0
-1.696943551366801,0
0.44987736644457094,0
0.6313352080229834,0
-0.6979317601991162,0
0.14212740269448504,0
-0.529984457206881,0
-0.2840451487033939,0
-0.1965559971226616,0
0.036553569422273925,0
0.8131979598358116,0
-2.384418206887598,0
-0.1549889541821437,0
0.054622918480894095,0
-0.21389751071032528,0
-0.9102595711782878,0
1.7235548927245434,0
0.5266400977561134,0
0.8602963607139257,0
-0.1041513869605139,0
1.406778033749461,0
1.5413620305149975,0
0.04750768777826698,0
-0.17539959584759285,1
1.4642907231156341,0
-2.131886636318939,0
0.8551322648338057,0
-0.20585902528885414,0
0.19504166723394115,0
-0.01924488883487982,0
0.41370484356771076,0
1.280222789604668,0
-0.3198623941447511,0
0.23730084821610517,0
-1.0267659926329802,0
1.5715964561096747,0
-0.10034956433404116,0
0.9093542405571848,0
-0.5015475217616183,0
0.6943645924869969,0
0.5886611522631052,0
-0.9816840654357566,1
0.8152145970808161,0
-0.7387530554811849,0
1.0928473650272925,0
-0.6284573864720006,1
1.0896006939211276,0
-1.6961999961614933,0
0.9696062028393087,0
0.5969026448477679,0
0.9467741591039963,0
-0.21487971515441304,0
-0.4583717315474756,0
-1.078561264728638,0
0.04930926105321759,0
-2.001108061486294,0
-0.40514666849334346,0
-1.2437872404734636,0
-1.0825483621550778,0
0.23276432157070998,0
-1.8298350024347223,0
-0.10327039676979292,0
-1.8219865686019077,0
-0.947940741191097,0
-1.1284400523857554,0
-1.6621938116418686,0
-0.1618252011292999,0
-1.0720434247330786,0
-0.81039445893215,0
0.47480824393076476,0
1.2842025547434082,0
-0.6380808888171614,0
0.27508693269938816,0
1.0804938766630643,0
0.6402435482409291,0
-0.17187724574826632,0
-0.9746925202702927,0
0.7135603316410541,0
0.7603964720327293,0
0.4755485833315929,0
-0.5210926305015604,0
-1.4036118708596492,0
1.41535793661363,0
0.839316876488662,0
-0.7959333813800855,0
1.140533986807059,0
-0.5054318279075827,0
0.15812601213589414,0
1.5499718811725054,0
0.11936680908672863,0
-0.1362792895674732,0
-0.2796607302958013,0
2.3983795375580423,0
0.5949997220490839,0
-1.1940949460288164,0
-0.10758779448714621,0
-1.3949828398332866,0
-0.5935191510635018,0
0.9709119053606938,0
0.9514847646486969,0
0.9630293950731227,0
-0.12413172609409574,0
1.7432403265733358,0
-1.1040344004809626,0
-1.1225683993851943,0
-0.05074822739117967,0
-2.077372095890431,0
2.062467482879805,0
0.04195632080281935,0
-0.3050554899864159,0
1.4323774486475505,0
-1.3482790882668745,0
-1.1619547736235682,0
-0.6148404493672577,2
-0.4707070767674287,0
0.6422670113835388,0
-0.4586457970682355,0
0.9815495565513251,0
-2.070036895919027,0
1.1091555311837709,0
-0.8579761804910501,0
1.1198392986769596,0
-1.0366163588015975,0
-0.6763417648773257,0
-0.48495552390486957,0
-0.9960623410375928,0
-0.8600301922431867,0
-0.961124928230696,0
-0.5561230244036018,0
-0.5350732182859895,0
-0.14168871568259842,0
-0.4228114566048042,0
0.3893977728582064,0
-0.053798312452840565,0
0.15877507090610596,0
-0.8440253010891153,2
-0.6808413548619011,0
-0.5050308594401608,0
-0.316808339808198,0
-0.3319543841313572,0
1.6568001824137497,0
-0.5015910211077623,0
-0.04364635420265535,0
-0.6602508256698383,0
-0.37290751480572376,0
-0.5143765490081715,0
0.547792710388959,1
0.5085843657606931,0
-0.46471221062414664,0
-0.421285411212732,0
-0.48833851185000987,0
-0.049582235445499626,0
-0.4711696501547398,0
-1.7000521988497548,0
0.2873495421489662,0
-0.24909083799851853,0
0.3349266216665244,0
-0.803813242518457,0
-0.6986110799781236,0
-1.0328135172375978,0
-1.7788072564339508,0
-0.76979259201343,0
1.3091210147732788,0
1.1018156624797466,0
1.2178000325922826,2
0.10004477923937079,0
0.7351609388134287,0
0.04877963463714577,0
0.2695709411309222,0
1.5645156146668195,0
-0.8020622392101967,0
-1.0338734624139836,0
0.40482799979995204,0
0.3597991580718632,0
-1.1062616550340596,0
0.6636067918545325,0
0.6720861985204829,0
1.3836460902622052,0
-0.02982306697987719,0
-1.3372673999687907,0
-0.5107802228165831,0
0.9203530152144128,2
-0.3894954198449482,0
-1.8473202035138838,0
0.2383376241698387,0
-0.5597516960627987,0
-0.7850428224966792,0
0.8639405347681685,0
-0.0571433878456129,0
-0.7114153455445846,0
-0.051136907168146194,0
-0.11725270842205648,0
0.7038197783932116,0
-0.3711605122937254,0
2.284512327147556,0
0.976344257736659,0
-1.38736542708989,0
3.0737710407373635,0
1.2090011673994763,0
0.19889018494032823,0
1.4002882053295396,0
1.1930715215075933,0
2.2641382191182924,0
0.9860887884517642,0
-1.1315499269421219,0
-1.4254466373979284,0
-2.5530223899719133,0
0.061610545700798644,0
-0.252398197209541,0
0.37067587503849825,0
-1.047837694614909,0
-0.36122915623705226,0
-1.797444367504964,0
-2.114947215410786,0
-0.352392478074699,0
-0.670602783496585,0
-0.04511452903389021,0
-0.09285556390319664,0
-0.06931715792489603,0
-1.7965740499059897,0
0.8261381694627741,0
0.5556119999206516,0
0.49318674855666045,0
-0.055202516295959424,0
0.7895200318104314,0
-0.0054528407682864,0
-0.5352239374950363,0
0.3594053410279399,0
0.8614120193699668,0
-1.5168292941295505,0
1.1012048536183452,0
0.019064026687873017,0
-0.18302008264657493,0
1.1753739275426383,0
-0.7859168079724954,0
-0.48382171881585956,2
-0.1063465280382076,0
0.3971325263154395,0
1.1968745738465496,0
-0.5770296513973961,0
-1.3904204572964052,0
-1.6801257303212034,0
-1.0688050246669691,0
-0.006414808215549916,0
-0.004795449136250952,0
-0.5448698682784289,0
-1.0183957603740756,0
-1.1561357980659368,0
1.104583145294935,0
0.11315979379063945,0
0.18504462232950622,0
0.12884868567666444,0
0.7484114543727741,0
-0.17052760565878589,0
-0.6615929347441294,0
0.27154163100379647,0
-2.115436424219998,0
0.1424899650936504,0
1.8633549412973904,0
-0.06824352472361492,0
0.4352815761012964,0
-2.2807452206164847,0
0.0949512228553537,0
-1.4741990987399738,0
-0.5404375264452711,0
0.23535006794584637,0
0.18915125121371693,0
-0.29470151645932213,0
-1.0274736729637843,0
-0.47695932496424454,0
0.18301289382867852,0
1.6205195682484426,0
-0.431816405411484,0
0.38156370811553403,0
-0.7001450697362402,0
-3.011508651237744,0
-0.5804020255561066,0
0.33524384932497125,0
0.14151489044660287,0
1.4166608947080253,0
-0.3726912201396779,0
-0.06311827721538735,0
0.29863223478326123,0
0.5391218154183748,0
-0.7853871659141378,0
-0.9161918425273172,0
-0.854575127757611,0
0.55413900639933,0
2.1783316168925966,0
-1.2107928248298403,0
-0.6865997270071978,0
-0.515147192246323,0
-1.2450742515577906,0
-0.037403842494461756,0
1.8892145094345207,0
0.47478451975160324,0
1.343345277787452,0
-1.2186528635332907,0
-0.38053613949014203,0
-0.7941833663913239,0
0.9600529422411122,0
0.96539103799595,0
-0.21445443504780348,0
-0.4435096232579371,0
-0.18030413114324673,0
0.285274050266391,0
-1.18166583967783,0
1.4025825331392843,0
-0.554132264237321,0
-0.14174533898039932,0
1.321933329550615,0
0.04980742084669066,0
-0.15790540964054342,0
-0.4472641761784606,0
-0.244398593470631,0
0.8626463569567726,0
0.886483780220097,0
0.9173569464505321,0
0.6986321470705815,0
0.1988773423542302,0
0.30128949526502363,0
-0.708690428351757,0
0.1000063334274444,0
-0.37539098590457604,0
1.3132968255095026,0
0.7269564430516263,0
-0.48423976114792855,0
1.5952613654251193,0
-0.4945538431442385,0
1.0259946732110428,0
0.5761471016189454,0
-0.6102104204301182,0
1.4386145279267724,0
0.11601031395115553,0
-1.6393266194346763,0
1.4325540002903288,0
1.5339585053752383,0
-1.0361228537593932,0
2.169773360814927,0
-0.6708085705615763,0
-0.031464612439248696,0
-1.0799040458045317,0
0.20218018487218026,0
0.19291353168417416,0
2.860616708722973,0
-0.7576709813325239,0
0.3881393724258346,0
-0.6878564265375566,0
-0.5497715812529635,0
-0.42428700996352886,0
0.7641135047891511,0
-0.34634821728539517,0
-0.6092495657278234,0
-0.3870471020092358,0
0.2129206860367622,0
-1.4572053994556824,0
-0.2662571102505382,0
-0.41608912505936946,0
-1.6518234993822536,0
0.2121951500554477,0
0.5222830751266467,0
-1.2711057994234323,0
-0.24777302279978156,0
-0.8945050483520298,0
1.0019630089628517,0
0.7907877429899125,0
-0.7555871181599547,0
0.3606525209723262,0
0.36543974443754296,0
-0.1731595365429688,0
0.8453880837035361,0
0.5774992190499096,0
0.5701592781945997,0
-0.8867686303150827,0
-0.5844641332838217,0
1.750534581688003,0
0.22063517664564578,0
1.7476179336861803,0
-0.4929553667881522,0
-0.5835235147560888,0
0.5527718209033395,0
0.14376638266006328,0
0.5753798666603072,0
-0.2329998619064295,0
0.7389324166381077,0
-0.7970663425746772,0
0.3361606830035204,0
-0.6459484217549729,0
-0.7991467506390783,0
-0.2956927653243419,0
-0.9980080643512479,0
-0.10103616783370237,0
-0.5509266658754549,0
-0.1546837797975971,0
1.8351030718135979,0
-0.1774811497771347,0
2.1092134831594804,0
1.3153759343154927,0
-0.9773285082910472,0
0.6964425185865742,0
1.779063105921468,0
-1.2047491429322459,0
0.33505593854055565,0
2.2528691658314832,1
0.18270472219961922,0
2.139995731778961,0
-0.4113982974693844,0
-0.7756945055928367,0
0.11807522540326229,0
0.5774005867134611,0
-0.33766968501108047,0
-0.4542776587290733,0
0.44153041417733346,0
0.6216226411803198,0
2.078383681535221,0
0.8491791883939723,0
0.07955056958129973,0
-1.1811710180238475,0
-0.3655955874455742,0
-0.11443682360266515,0
-0.2931730698688582,0
-1.0754703013621068,0
0.30486088556198093,0
-0.37201456726179943,0
1.3363944775843746,0
-0.5519939822409157,0
1.2821310293654282,0
1.5458472837668353,0
0.3099072097746965,0
-1.5900075410708046,0
-1.0732209915646513,0
-0.19562862526591726,0
1.425311174081993,0
0.12901762688654272,0
-0.5481097695965247,0
-0.6366825019578318,0
0.9988513018075073,0
-0.4254162754231448,0
0.09820928335887924,0
-0.3073310077140896,0
-0.5238509981304217,0
0.7835245007561933,0
1.3241886123184354,0
-0.7119694380405043,0
-0.4894414571030071,0
-1.1036258454755146,0
0.03114589160855233,0
-0.3957246805586281,0
1.3599585947963932,0
0.2958447250743796,0
-0.6279353514093522,0
0.2103205272279088,0
-0.9555935717454133,0
0.36234579551499085,0
-1.617604820349095,0
1.337212478062157,0
0.31883360166832836,0
0.05140336545217327,0
0.6770046422671133,0
-1.5775016052623096,0
-0.9461637727504052,0
-0.6306944904793285,0
-0.4243155884455833,0
-0.10972138404776899,0
0.298828227252365,0
1.1657070273349377,0
-1.3316275851365658,0
-0.9142359215210094,0
-1.4516184035518833,0
-0.15027750139297033,0
-0.35362646730197694,0
-0.7449345027235699,0
-0.7068436943610263,0
0.5712068291475064,0
-1.427595084481401,0
-0.22556159704469964,0
-0.8437544480854261,0
-0.6574118513184297,0
1.6130006012504507,0
-0.4856116816856616,0
-1.684258902559474,0
0.05235770795402795,0
-2.2131263489367923,0
-0.9042530606764198,0
-0.7404946124296549,0
-0.09660433873704567,0
0.6138924795758889,0
-0.019114053261529255,0
0.7340224290107913,0
0.5814768641767616,0
0.6126196455922323,0
0.4324100573490687,0
0.9262792125347148,0
-1.4274594335493145,0
-1.5137922293523205,0
1.9424513892639292,0
0.4541550480907993,0
-0.2644425880872074,0
1.33830950662188,0
-0.487034403817401,0
1.136640093631838,0
0.4609225052613882,0
0.6483254248942638,0
0.31172709179377045,0
0.784885879091958,0
1.2562990873232687,0
0.2349734878886843,0
-0.23165204604198975,0
-0.7025964632274313,0
1.095255543815031,0
1.224769924689706,0
-1.5409309470718375,0
-1.2596847145301924,0
-0.7098332168757879,0
-0.2814863246901877,0
-1.0428075917964001,0
-0.6426611385518389,0
-2.065103699854071,0
-0.9947472205900679,0
-0.0602188364571909,0
-1.5959675454315976,0
-0.45245089967305824,0
-0.5644150437285612,0
0.10262770557042178,0
0.5334839487567652,0
-1.7565461973741594,0
-1.3527568345187309,0
-0.24139590624638602,2
-0.25437600595585463,0
1.1130107302862116,0
-0.24219311733219212,0
-0.48154122776291663,0
0.842362509322567,0
-0.7619197834759438,0
-1.362950797033329,0
1.0775156524518594,0
0.1596273454472812,0
-1.0129145819466734,0
-0.42993648132606915,0
-1.1482161858983666,0
-1.455864770085473,0
0.44513709255498396,0
1.2725221862587133,0
-1.2902863564110674,0
-0.5024979716716698,0
-0.02938249749550476,0
-1.56445266459675,0
0.6504132797305935,0
1.3101530567969781,0
-0.4454649821471836,0
0.13881542210373066,0
0.34851688990685803,0
-1.8240642531088522,0
-0.7822370776923447,0
0.16414091936954928,0
0.42863665692366143,0
-0.27321315782327105,0
-0.9751890181028446,0
-1.4000877984885454,0
-0.42389359796745507,0
0.04531983326551837,0
0.03863058099790004,0
-0.34438283826665833,0
0.3857885605227486,0
-1.8174667155887179,0
-0.61127446251815,0
1.679261450937973,0
-0.07298568234422205,0
-0.7462673161362791,0
2.073841547792503,0
0.5272738967087145,0
-0.04664149572259582,0
-0.7936846751075749,0
-0.5695435130868223,0
-1.233493750773847,0
1.0517619027043932,0
-0.11816715238539609,0
-0.7678548245628608,0
1.2829679050642324,0
-0.6563513389531146,0
0.8425938929888285,0
-0.9887561593918405,0
-0.9103967358190361,0
2.613094409067438,0
-2.2355782105098148,0
-1.4448183018203027,0
-0.13952447201140214,0
-1.3157878592826868,0
-0.14034454583356154,0
1.1468269373536466,0
0.8633074195501299,0
1.082389932059646,0
0.1946508637832353,0
-0.21074188044734363,0
-0.030435510684806166,0
0.5062975426852601,0
-0.2478891972342872,0
-1.536414687082008,0
1.1684907954582553,0
-1.3427942724854878,0
-1.5347256996689493,0
-1.6720955486694806,0
1.0626978053727303,0
0.12403698566828184,0
0.1979637307867876,0
1.7637929308683318,0
-0.13710557070240412,0
-0.16139505375376165,0
0.8976107030399031,0
0.4277776150876353,2
-0.5285596739969,0
0.3937390613658105,0
-1.2541854646010364,0
0.6270544818158941,0
-1.2558095174218276,0
-0.35609586567660517,0
-0.45521142951690785,0
-0.756993848351649,0
-0.658503471313692,0
0.865409187377841,0
-0.7157575247823027,0
-1.8287700546891092,0
0.06530987891535753,0
-0.6998259548064114,0
-0.21772681635310873,0
0.2778353575685147,0
-0.794103672317038,0
0.015679120549384338,0
-0.1413494921676818,0
1.253741903899073,0
-2.171277152026404,0
-2.361781083556702,0
0.9425987200234263,0
0.8443406205891794,0
-0.20971005146479124,0
0.12326072361092356,0
-1.5410001442094596,0
-0.17122448783964672,0
-0.3769958562824306,0
-1.260401966934507,0
-2.2950645658336892,0
1.5005934255824294,0
0.8641282191479606,0
-0.5441309164514777,0
0.1307756806585735,0
-0.12966159885035364,0
-0.017451354829766515,0
-0.5192094708968225,0
1.338805587993628,0
-0.2678778241234339,0
0.9413343996406232,0
1.446338732784562,0
-0.10995312604454746,0
-0.04193285872640372,0
-0.7958754324486201,0
-0.49191318912068777,0
0.6988352607594299,0
-1.8732907480546883,0
1.4440384467533756,0
1.515497480434507,0
-1.275739602204654,0
-0.17006990006931572,0
-0.2806242851621459,0
0.18604459418354463,0
2.1925364486685637,0
-2.3485474345136335,0
-0.26743905382557054,0
-0.6821714764342932,0
1.112719959229585,0
-0.813030553198091,0
0.1606914106161934,0
-0.08886629952364074,0
-0.48514469621632594,0
0.4348014328300584,0
-0.5178115195863356,0
-0.31900657927854575,0
-0.8894147873990026,0
-0.1542373169661175,0
-0.9230227481505081,0
1.0886707692073263,0
1.2982343730385144,0
0.8713375227212242,0
-0.20405067101024604,0
-0.014259082852374547,0
-0.5350782448542868,0
0.54684906830372,0
-0.643678473783038,0
0.24740220612602634,0
0.08553676720201728,0
0.1496199839236933,0
0.38257294449527485,0
0.9437333217066711,0
-0.0005682934297778601,0
-0.5788463560135626,0
-0.6440544837874959,0
-0.27775575361434457,0
0.45129828351483114,0
0.8707038566782437,0
0.9055819587875229,0
-0.5801414886293622,0
-1.0839689780557098,0
-1.7501405847714053,0
0.4557757454101474,0
0.2635689444724121,0
0.3337835310842213,0
-0.6102037963244633,0
-0.6749806727409458,0
-0.6536734281742623,0
0.007383139418949547,0
-0.46727193769783537,0
-0.12689323519809445,0
0.4417517660646854,0
-0.056912455369772345,0
0.1966129165192426,0
0.2937067490275092,0
-0.370966230612247,0
-0.3531577403377649,0
0.23709230834688313,0
-0.20686333889260985,0
-0.1679344562318302,0
-0.7407686713228788,0
0.8494524132375211,0
-0.3777909116283156,0
0.1484865734184237,0
-0.2612917451608414,0
0.6823935110446159,0
-0.38179677362245945,0
-1.233300858811004,0
-0.8359045105679679,0
1.1640858485923342,0
-1.7023980062485569,0
1.2909042448478094,0
0.7065132818365212,0
0.048568830905513574,0
-0.503359784033476,0
-0.323258863574813,0
-0.07387874244605719,0
-0.11611588546365366,0
-0.7614867146366532,0
0.44624012365687404,0
-1.251406223654916,0
-0.874636243221464,0
-1.2518243222104537,1
-0.3917213452548907,0
-0.5985183735691163,0
-0.9319431263445137,0
0.636264914541633,0
0.8081211426674872,0
0.4752045519452499,0
0.9615574456686704,0
0.27330565652904626,0
0.279438962220987,0
-0.10390006364091564,0
0.46032173168995505,0
0.9475795670023268,0
-0.5000615776477239,0
-2.4131808983599647,0
-0.8417209463082043,0
-0.6002923056345549,0
0.5491869226411111,0
1.0905704041438498,0
0.37367557313559085,0
-0.2811760605518886,0
1.2224195404692824,0
0.49979017218271515,0
-0.3475504678046237,2
1.1722891677583402,0
0.2579523933279027,0
-0.01160456628197065,0
0.22779060838433493,0
-1.021364500952804,0
3.535865338928081,0
2.2159922440793873,0
-0.4060863089610153,0
0.509383907799375,0
-2.073816106637793,0
1.7388247271708945,0
-0.5414086277342803,0
0.8801585120300823,0
-1.15628618438056,0
0.14014882454055577,0
-0.7348328677210193,0
-0.7484491273552117,0
-0.021682861118385677,0
-0.6092262285561719,0
0.00859804127520959,0
-0.6739835149669972,0
0.7782436535097523,0
-0.6006180143531265,2
1.958197987288295,0
0.9208118124746066,0
-0.32194429345567716,0
0.1795779651860838,0
0.3901436781714727,0
0.3554430935088518,0
0.2887318733115578,0
0.2159303404291882,0
0.752687844200993,0
-0.3219084415252098,0
0.5445923842260597,0
1.650704008226275,0
1.1073790392524991,0
-0.0554275261784579,0
-0.341880024920906,0
0.13975593413199186,0
2.0137204403664954,0
2.446404780453427,0
1.9258437179050747,0
-0.2139969188920153,0
1.7208938333886383,0
0.10502602819028918,0
1.5207980006690391,0
0.5233065179191723,0
-0.5714773336312765,0
-0.388764484631517,0
-0.09880817544287986,0
-0.23462419662540546,0
0.26450470085401023,0
-0.9523049736741347,0
1.6624696981300002,0
0.6866813847173515,0
0.27187408733753715,0
0.3443267424422686,0
-0.7534971783555461,0
-0.34241484909365316,0
-0.23270698460384956,0
1.7004161058431295,0
-0.48052699418797884,0
-0.04501345554375331,0
-0.7536622998135952,0
-0.3571908948897301,0
0.3589019859938488,0
0.6287767260015492,0
0.2482561600193289,0
1.8466809313881933,0
-0.2586555098791855,0
1.7680609937385219,0
1.4869405899171992,0
0.35739677082506954,0
-0.04278491818583591,0
-0.3648580596291016,0
-0.672126043078773,0
-0.6468631102307781,0
-1.4446723758026572,0
0.44429256207308687,0
-1.0059978485613759,0
-0.3148704301148149,0
-0.09955324367613969,0
-0.5549539017327332,0
-1.7400758428252852,0
1.1077678564434645,0
0.3316544106614021,0
-1.2951082661193847,0
-0.16136715100131263,0
-1.2043095939960629,0
0.2168243623790439,0
-2.8576371104410656,0
0.36526281916148096,0
-1.9079507571704442,0
0.6618544030411386,0
0.3603488732067974,0
0.5606978563502177,0
-1.099086773371726,0
0.4616631219030439,0
1.4565797621141232,0
0.4559596011613127,0
-0.6145084125840679,0
0.9448197984278588,0
-1.4459931179912022,0
0.8807492513208078,0
-0.946493397524694,0
-0.24930371851690786,0
-1.3650444202177423,0
0.6768664069990677,0
-0.3399226667756422,0
1.0377239076065803,0
0.6812383987304227,0
-0.6058331730853272,0
1.4092578708979984,0
0.5870801763259842,0
0.5423224800319221,0
-0.9806222528113948,1
0.27763571200304443,0
2.1482429995252237,0
-3.0755310158602556,0
-0.6105421949571527,0
0.12924602206833805,0
0.510280078503481,0
0.1373053200473793,0
1.5519174550205845,0
0.6677974570397229,0
-0.31703911259837814,0
1.6038417438493597,0
-0.6648466670424165,0
0.5303397998790176,0
-0.7387650642851836,0
-0.1507508581834742,0
-0.16439599613861255,0
-0.010154335241286616,0
-0.9253655361280394,0
-0.05913990118308396,0
-1.0521502938737992,0
0.5201017209853896,0
-0.980783399488999,0
1.0813545034819103,0
-0.9945092416882575,0
-1.5198428800096795,0
0.2251566704478265,0
0.11829607762696634,0
0.3261115478446677,0
-0.08064981856972953,0
0.7060136476353854,0
0.28299687259425826,0
-0.6620964433120915,0
0.7450844575087544,0
0.36320392787943706,0
-0.5319869628694207,0
0.6051446438504787,0
0.15082794227754676,0
1.025120054486604,0
1.4751958642405902,0
-0.8982229797838265,0
-0.45055680271784215,0
0.699109272165458,0
2.0501118554428044,0
-0.08663189732926566,0
0.006930197436905593,0
1.0209161289187763,0
-0.46305539709344334,2
-2.399393875049541,0
1.475175603535491,0
1.538490163781822,0
2.070767939323973,0
0.5900809855144872,0
0.4903118923043376,0
0.13713094286041574,0
-0.624061495536781,0
0.4900227174950309,0
-0.9382877103288078,0
1.167390159361202,0
0.5030138264938252,0
0.26616937511267286,0
-0.14786554007714578,0
-1.9219456987250545,0
0.4034094989423287,0
0.04950692722881524,0
-0.07044308784416999,0
1.7145492405357643,0
-1.2159595671288217,0
0.06211967396107411,0
-0.36585850398109404,0
-0.2421359581951033,0
-0.010494460223592218,0
0.717525036067492,0
-0.9056132185250816,0
-1.238614221158651,0
0.5480269805113784,0
0.553815499201291,0
-0.24779707823410319,0
-0.8152667648818807,0
0.2616482164691501,0
0.36919357622961657,0
1.4896564392625424,0
-0.7198491205279424,0
0.7112967953534703,0
-0.14987530387423253,0
0.3585017998227934,0
0.6238532465224416,0
-0.22933638185960112,0
1.0380191839473116,0
0.7459274581308135,0
0.42050840575209864,0
-0.06474949770516433,0
0.5433799330003811,0
-0.5034167708842484,0
0.8351418711383919,0
-0.6937949136744326,0
